App,Category,Rating,Reviews,Size,Installs,Type,Price,Content Rating,Genres,Last Updated,Current Ver,Android Ver,Sentiment_Subjectivity,Category_Display
Coloring book moana,ART_AND_DESIGN,3.9,967,14.0,500000,Free,0,Everyone,Art & Design;Pretend Play,"January 15, 2018",2.0.0,4.0.3 and up,0.641540404040404,ART_AND_DESIGN
Garden Coloring Book,ART_AND_DESIGN,4.4,13791,33.0,1000000,Free,0,Everyone,Art & Design,"September 20, 2017",2.9.2,3.0 and up,0.5234474150677855,ART_AND_DESIGN
FlipaClip - Cartoon animation,ART_AND_DESIGN,4.3,194216,39.0,5000000,Free,0,Everyone,Art & Design,"August 3, 2018",2.2.5,4.0.3 and up,0.6792261904761905,ART_AND_DESIGN
Boys Photo Editor - Six Pack & Men's Suit,ART_AND_DESIGN,4.1,654,12.0,100000,Free,0,Everyone,Art & Design,"March 20, 2018",1.1,4.0.3 and up,0.4792982456140351,ART_AND_DESIGN
Colorfit - Drawing & Coloring,ART_AND_DESIGN,4.7,20260,25.0,500000,Free,0,Everyone,Art & Design;Creativity,"October 11, 2017",1.0.8,4.0.3 and up,0.5727620177523428,ART_AND_DESIGN
Animated Photo Editor,ART_AND_DESIGN,4.1,203,6.1,100000,Free,0,Everyone,Art & Design,"March 21, 2018",1.03,4.0.3 and up,0.5463650793650794,ART_AND_DESIGN
Anime Manga Coloring Book,ART_AND_DESIGN,4.5,5035,11.0,100000,Free,0,Everyone,Art & Design,"July 19, 2018",2.20,4.0 and up,0.5071180555555556,ART_AND_DESIGN
Easy Origami Ideas,ART_AND_DESIGN,4.2,1015,11.0,100000,Free,0,Everyone,Art & Design,"January 6, 2018",1.1.0,4.1 and up,0.5367647058823529,ART_AND_DESIGN
"Canva: Poster, banner, card maker & graphic design",ART_AND_DESIGN,4.7,174531,24.0,10000000,Free,0,Everyone,Art & Design,"July 31, 2018",1.6.1,4.1 and up,0.5360009824483508,ART_AND_DESIGN
CDL Practice Test 2018 Edition,AUTO_AND_VEHICLES,4.9,7774,17.0,100000,Free,0,Everyone,Auto & Vehicles,"July 3, 2018",1.7,4.2 and up,0.477825176366843,AUTO_AND_VEHICLES
Free VIN Report for Used Cars,AUTO_AND_VEHICLES,4.6,2431,2.4,100000,Free,0,Everyone,Auto & Vehicles,"June 12, 2018",1.37,4.0 and up,0.49431821273964127,AUTO_AND_VEHICLES
DMV Permit Practice Test 2018 Edition,AUTO_AND_VEHICLES,4.9,6090,27.0,100000,Free,0,Everyone,Auto & Vehicles,"July 3, 2018",1.7,4.2 and up,0.559805860222877,AUTO_AND_VEHICLES
"Android Auto - Maps, Media, Messaging & Voice",AUTO_AND_VEHICLES,4.2,271920,16.0,10000000,Free,0,Teen,Auto & Vehicles,"July 11, 2018",Varies with device,5.0 and up,0.5447434959291718,AUTO_AND_VEHICLES
Best Car Wallpapers,AUTO_AND_VEHICLES,4.5,994,2.9,100000,Free,0,Everyone,Auto & Vehicles,"March 27, 2018",1.6,4.1 and up,0.48888888888888893,AUTO_AND_VEHICLES
BEST CAR SOUNDS,AUTO_AND_VEHICLES,4.3,348,38.0,100000,Free,0,Everyone,Auto & Vehicles,"July 29, 2018",1.0.3,2.3 and up,0.5282896532896533,AUTO_AND_VEHICLES
"BestCam Selfie-selfie, beauty camera, photo editor",BEAUTY,3.9,1739,21.0,500000,Free,0,Everyone,Beauty,"July 12, 2018",1.0.6,4.0.3 and up,0.4216201699535033,सौंदर्य
Hairstyles step by step,BEAUTY,4.6,4369,14.0,100000,Free,0,Everyone,Beauty,"July 25, 2018",1.9,4.0.3 and up,0.5911601019008427,सौंदर्य
Filters for Selfie,BEAUTY,4.3,8572,25.0,1000000,Free,0,Everyone,Beauty,"May 10, 2018",1.1.0,4.0 and up,0.5278946208112875,सौंदर्य
Filters for B Live,BEAUTY,4.4,2280,24.0,500000,Free,0,Everyone,Beauty,"May 14, 2018",1.1.0,4.0 and up,0.39555555555555555,सौंदर्य
Dresses Ideas & Fashions +3000,BEAUTY,4.5,473,8.2,100000,Free,0,Mature 17+,Beauty,"March 1, 2017",1.0.2.0,1.6 and up,0.5574667031563583,सौंदर्य
Free Panda Radio Music,BOOKS_AND_REFERENCE,4.5,418,4.2,100000,Free,0,Everyone,Books & Reference,"March 27, 2018",2.1,4.1 and up,0.26666666666666666,BOOKS_AND_REFERENCE
AlReader -any text book reader,BOOKS_AND_REFERENCE,4.6,90468,5.9,5000000,Free,0,Everyone,Books & Reference,"May 27, 2018",1.911805270,2.3 and up,0.41257682132682133,BOOKS_AND_REFERENCE
FamilySearch Tree,BOOKS_AND_REFERENCE,4.3,17506,17.0,1000000,Free,0,Everyone,Books & Reference,"July 20, 2018",2.3.18,4.1 and up,0.43582595799262464,BOOKS_AND_REFERENCE
Ebook Reader,BOOKS_AND_REFERENCE,4.1,85842,37.0,5000000,Free,0,Everyone,Books & Reference,"June 25, 2018",5.0.6,4.0 and up,0.5815682157348824,BOOKS_AND_REFERENCE
All Maths Formulas,BOOKS_AND_REFERENCE,4.4,2709,6.8,1000000,Free,0,Everyone,Books & Reference,"July 11, 2018",1.9,4.4 and up,0.421768278018278,BOOKS_AND_REFERENCE
English-Myanmar Dictionary,BOOKS_AND_REFERENCE,4.4,8788,10.0,1000000,Free,0,Everyone,Books & Reference,"July 28, 2018",2.5.3,4.0 and up,0.40219265018607125,BOOKS_AND_REFERENCE
Golden Dictionary (EN-AR),BOOKS_AND_REFERENCE,4.4,51269,6.1,1000000,Free,0,Everyone,Books & Reference,"July 19, 2018",7.0.4.6,4.2 and up,0.4903003003003003,BOOKS_AND_REFERENCE
All Language Translator Free,BOOKS_AND_REFERENCE,4.4,30105,2.1,1000000,Free,0,Everyone,Books & Reference,"July 29, 2018",1.15,4.0.3 and up,0.5550324675324675,BOOKS_AND_REFERENCE
Azpen eReader,BOOKS_AND_REFERENCE,3.5,156,42.0,500000,Free,0,Everyone,Books & Reference,"February 15, 2018",3.1.7.9,2.2 and up,0.5973257418909593,BOOKS_AND_REFERENCE
Curriculum vitae App CV Builder Free Resume Maker,BUSINESS,4.5,4458,3.9,500000,Free,0,Everyone,Business,"July 8, 2018",3.3,4.1 and up,0.4980359041543252,வணிகம்
Google Primer,BUSINESS,4.4,62272,18.0,10000000,Free,0,Everyone,Business,"June 26, 2018",3.550.2,4.1 and up,0.675,வணிகம்
Call Blocker,BUSINESS,4.6,188841,3.2,5000000,Free,0,Everyone,Business,"June 21, 2018",1.1.13,4.0 and up,0.6554310966810967,வணிகம்
Fast Scanner : Free PDF Scan,BUSINESS,4.5,103755,14.0,10000000,Free,0,Everyone,Business,"July 11, 2018",3.9.2,4.1 and up,0.4279001891501892,வணிகம்
Google Ads,BUSINESS,4.3,29313,20.0,5000000,Free,0,Everyone,Business,"July 30, 2018",1.12.0,4.0.3 and up,0.4323986484194818,வணிகம்
FreshBooks Classic,BUSINESS,4.1,1802,26.0,100000,Free,0,Everyone,Business,"April 18, 2018",1.7.14,4.2 and up,0.47211790185352337,வணிகம்
HipChat - Chat Built for Teams,BUSINESS,3.8,5868,20.0,500000,Free,0,Everyone,Business,"July 3, 2018",3.19.005,4.1 and up,0.3694698121443251,வணிகம்
Crew - Free Messaging and Scheduling,BUSINESS,4.6,4159,48.0,500000,Free,0,Everyone,Business,"July 20, 2018",6.1.2,4.0.3 and up,0.5998381895881896,வணிகம்
Asana: organize team projects,BUSINESS,4.3,20815,10.0,1000000,Free,0,Everyone,Business,"July 26, 2018",6.4.4,5.0 and up,0.5227672402646754,வணிகம்
AdWords Express,BUSINESS,4.1,7149,11.0,1000000,Free,0,Everyone,Business,"July 31, 2018",2.6.158,4.0 and up,0.2716686868686869,வணிகம்
Accounting App - Zoho Books,BUSINESS,4.5,3079,8.5,100000,Free,0,Everyone,Business,"August 2, 2018",5.20.7,4.1 and up,0.5223977196512407,வணிகம்
Cisco Webex Meetings,BUSINESS,4.4,108741,28.0,10000000,Free,0,Everyone,Business,"July 20, 2018",11.1.0,4.3 and up,0.4623848528015195,வணிகம்
Cisco Webex Teams,BUSINESS,4.2,1661,46.0,100000,Free,0,Everyone,Business,"August 2, 2018",3.0.4651,4.4 and up,0.4597798821548822,வணிகம்
Google Ads,BUSINESS,4.3,29313,20.0,5000000,Free,0,Everyone,Business,"July 30, 2018",1.12.0,4.0.3 and up,0.4323986484194818,வணிகம்
FreshBooks Classic,BUSINESS,4.1,1802,26.0,100000,Free,0,Everyone,Business,"April 18, 2018",1.7.14,4.2 and up,0.47211790185352337,வணிகம்
HipChat - Chat Built for Teams,BUSINESS,3.8,5868,20.0,500000,Free,0,Everyone,Business,"July 3, 2018",3.19.005,4.1 and up,0.3694698121443251,வணிகம்
Crew - Free Messaging and Scheduling,BUSINESS,4.6,4159,48.0,500000,Free,0,Everyone,Business,"July 20, 2018",6.1.2,4.0.3 and up,0.5998381895881896,வணிகம்
Asana: organize team projects,BUSINESS,4.3,20815,10.0,1000000,Free,0,Everyone,Business,"July 26, 2018",6.4.4,5.0 and up,0.5227672402646754,வணிகம்
AdWords Express,BUSINESS,4.1,7149,11.0,1000000,Free,0,Everyone,Business,"July 31, 2018",2.6.158,4.0 and up,0.2716686868686869,வணிகம்
Accounting App - Zoho Books,BUSINESS,4.5,3079,8.5,100000,Free,0,Everyone,Business,"August 2, 2018",5.20.7,4.1 and up,0.5223977196512407,வணிகம்
Fast Scanner : Free PDF Scan,BUSINESS,4.5,103755,14.0,10000000,Free,0,Everyone,Business,"July 11, 2018",3.9.2,4.1 and up,0.4279001891501892,வணிகம்
"Best Wallpapers Backgrounds(100,000+ 4K HD)",COMICS,4.7,3596,7.8,10000,Free,0,Teen,Comics,"June 16, 2018",1.01,4.0.3 and up,0.38994949494949493,COMICS
Browser 4G,COMMUNICATION,4.3,192948,6.6,10000000,Free,0,Everyone,Communication,"June 19, 2018",24.6.6,4.0.3 - 7.1.1,0.4429032976827094,COMMUNICATION
Cricket Visual Voicemail,COMMUNICATION,3.9,13698,5.1,10000000,Free,0,Everyone,Communication,"July 2, 2018",3.2.0.100171,4.1 and up,0.4195424700960415,COMMUNICATION
Firefox Focus: The privacy browser,COMMUNICATION,4.4,36880,4.0,1000000,Free,0,Everyone,Communication,"July 6, 2018",5.2,5.0 and up,0.5538280971777065,COMMUNICATION
Calls & Text by Mo+,COMMUNICATION,4.2,83239,14.0,5000000,Free,0,Everyone,Communication,"April 19, 2018",3.0.4,4.0 and up,0.5458333333333334,COMMUNICATION
"GO SMS Pro - Messenger, Free Themes, Emoji",COMMUNICATION,4.4,2876500,24.0,100000000,Free,0,Everyone,Communication,"August 1, 2018",7.73,4.0 and up,0.4398316960816961,COMMUNICATION
Firefox Focus: The privacy browser,COMMUNICATION,4.4,36893,4.0,1000000,Free,0,Everyone,Communication,"July 6, 2018",5.2,5.0 and up,0.5538280971777065,COMMUNICATION
2ndLine - Second Phone Number,COMMUNICATION,4.2,15880,32.0,1000000,Free,0,Everyone,Communication,"August 3, 2018",5.65.0,4.0 and up,0.3770225018037518,COMMUNICATION
"CM Browser - Ad Blocker , Fast Download , Privacy",COMMUNICATION,4.6,2264916,6.1,50000000,Free,0,Everyone,Communication,"July 31, 2018",5.22.18.0006,4.0 and up,0.6875,COMMUNICATION
DU Browser—Browse fast & fun,COMMUNICATION,4.3,1133501,4.7,10000000,Free,0,Everyone,Communication,"April 1, 2016",6.4.0.4,4.0 and up,0.5062402473518545,COMMUNICATION
Contacts+,COMMUNICATION,4.2,190613,11.0,10000000,Free,0,Everyone,Communication,"July 31, 2018",5.85.1,4.0.3 and up,0.4530827603196025,COMMUNICATION
ExDialer - Dialer & Contacts,COMMUNICATION,4.2,125232,2.7,10000000,Free,0,Everyone,Communication,"March 5, 2017",196,2.1 and up,0.49568862814039333,COMMUNICATION
Calls & Text by Mo+,COMMUNICATION,4.2,83239,14.0,5000000,Free,0,Everyone,Communication,"April 19, 2018",3.0.4,4.0 and up,0.5458333333333334,COMMUNICATION
Full Screen Caller ID,COMMUNICATION,4.2,104990,10.0,5000000,Free,0,Everyone,Communication,"May 15, 2018",3.5.0,4.0.3 and up,0.47666177908113394,COMMUNICATION
Call Blocker,COMMUNICATION,4.1,17529,10.0,1000000,Free,0,Everyone,Communication,"July 26, 2018",5.86,4.0.3 and up,0.6554310966810967,COMMUNICATION
"CallApp: Caller ID, Blocker & Phone Call Recorder",COMMUNICATION,4.4,483565,20.0,10000000,Free,0,Everyone,Communication,"July 29, 2018",1.286,4.1 and up,0.5064814814814815,COMMUNICATION
Call Control - Call Blocker,COMMUNICATION,4.4,93825,11.0,5000000,Free,0,Everyone,Communication,"July 5, 2018",2.17.3,4.1 and up,0.2916666666666667,COMMUNICATION
All Email Providers,COMMUNICATION,4.1,20901,7.3,1000000,Free,0,Everyone,Communication,"April 3, 2018",5.0.9,4.1 and up,0.6066666666666667,COMMUNICATION
"Hily: Dating, Chat, Match, Meet & Hook up",DATING,4.1,2556,56.0,100000,Free,0,Mature 17+,Dating,"August 1, 2018",2.5.2,4.1 and up,0.5553312065566968,Dating
Hinge: Dating & Relationships,DATING,4.2,7779,12.0,500000,Free,0,Mature 17+,Dating,"August 3, 2018",6.1.3,5.0 and up,0.4962808119148699,Dating
BBW Dating & Plus Size Chat,DATING,4.4,12632,29.0,1000000,Free,0,Mature 17+,Dating,"July 27, 2018",3.5.0.1,4.1 and up,0.49101675539175543,Dating
CMB Free Dating App,DATING,4.0,48845,40.0,1000000,Free,0,Mature 17+,Dating,"August 1, 2018",4.19.0.2320,4.4 and up,0.5421654119038425,Dating
Free Dating App & Flirt Chat - Match with Singles,DATING,4.4,172460,3.1,5000000,Free,0,Mature 17+,Dating,"August 4, 2018",1.639,4.0 and up,0.5836531986531986,Dating
Black People Meet Singles Date,DATING,3.9,10212,5.0,1000000,Free,0,Mature 17+,Dating,"July 25, 2018",1.9.7,4.4 and up,0.5053452310676337,Dating
Free Dating App & Flirt Chat - Cheers,DATING,4.4,667,27.0,10000,Free,0,Mature 17+,Dating,"August 3, 2018",1.308.us,4.1 and up,0.47738162878787876,Dating
Free Dating Hook Up Messenger,DATING,3.3,1157,21.0,100000,Free,0,Mature 17+,Dating,"January 27, 2017",5.0.1,4.2 and up,0.5223361741189635,Dating
BLK - Swipe. Match. Chat.,DATING,4.1,2067,24.0,100000,Free,0,Mature 17+,Dating,"July 25, 2018",1.6.1,4.4 and up,0.5519399908953481,Dating
Cougar Dating Life : Date Older Women Sugar Mummy,DATING,3.9,1643,31.0,500000,Free,0,Mature 17+,Dating,"July 3, 2018",4.5.5,4.1 and up,0.5885129315129315,Dating
BeWild Free Dating & Chat App,DATING,3.4,1999,8.0,100000,Free,0,Mature 17+,Dating,"February 3, 2017",1.6.5,4.2 and up,0.5180704969575584,Dating
"FastMeet: Chat, Dating, Love",DATING,4.2,22544,5.9,1000000,Free,0,Mature 17+,Dating,"July 27, 2018",1.31.4,4.0.3 and up,0.5173434343434344,Dating
"Free Dating App - YoCutie - Flirt, Chat & Meet",DATING,4.1,97684,7.9,1000000,Free,0,Mature 17+,Dating,"July 10, 2018",1.230,4.0.3 and up,0.44732448577787565,Dating
Dating for 50 plus Mature Singles – FINALLY,DATING,4.6,13046,13.0,500000,Free,0,Mature 17+,Dating,"July 31, 2018",4.17.2,4.1 and up,0.5087301587301588,Dating
Christian Dating For Free App,DATING,3.9,8722,13.0,500000,Free,0,Mature 17+,Dating,"June 20, 2018",15.8,4.1 and up,0.4786601830996281,Dating
"Hide App, Private Dating, Safe Chat - PrivacyHider",DATING,4.4,35206,7.2,1000000,Free,0,Everyone,Dating,"May 21, 2018",2.9.6,4.0 and up,0.46029688922770684,Dating
Gay Sugar Daddy Dating & Hookup – Sudy Gay,DATING,4.1,2212,41.0,100000,Free,0,Mature 17+,Dating,"June 20, 2018",2.0.5,4.0.3 and up,0.6372210351377018,Dating
BBWCupid - BBW Dating App,DATING,3.5,241,2.8,50000,Free,0,Mature 17+,Dating,"June 1, 2018",2.2.0.1748,5.0 and up,0.47169284419284424,Dating
ChatVideo Meet new people,DATING,4.2,63986,20.0,5000000,Free,0,Mature 17+,Dating,"May 31, 2018",3.0.15,4.0 and up,0.3930076342576343,Dating
FlirtChat - ♥Free Dating/Flirting App♥,DATING,4.3,2430,13.0,500000,Free,0,Mature 17+,Dating,"July 26, 2018",12.0.4,4.1 and up,0.5106957328385899,Dating
CMB Free Dating App,DATING,4.0,48845,40.0,1000000,Free,0,Mature 17+,Dating,"August 1, 2018",4.19.0.2320,4.4 and up,0.5421654119038425,Dating
"Hily: Dating, Chat, Match, Meet & Hook up",DATING,4.1,2556,56.0,100000,Free,0,Mature 17+,Dating,"August 1, 2018",2.5.2,4.1 and up,0.5553312065566968,Dating
Hinge: Dating & Relationships,DATING,4.2,7779,12.0,500000,Free,0,Mature 17+,Dating,"August 3, 2018",6.1.3,5.0 and up,0.4962808119148699,Dating
BBW Dating & Plus Size Chat,DATING,4.4,12632,29.0,1000000,Free,0,Mature 17+,Dating,"July 27, 2018",3.5.0.1,4.1 and up,0.49101675539175543,Dating
"Herpes Dating: 1,000K+ Singles",DATING,4.0,738,27.0,10000,Free,0,Mature 17+,Dating,"August 1, 2018",6.4.1,4.1 and up,0.4679461145253556,Dating
95Live -SG#1 Live Streaming App,DATING,4.1,4953,15.0,1000000,Free,0,Teen,Dating,"August 1, 2018",8.7.2,4.2 and up,0.4559274799274799,Dating
Cougar Dating Life : Date Older Women Sugar Mummy,DATING,3.9,1645,31.0,500000,Free,0,Mature 17+,Dating,"July 3, 2018",4.5.5,4.1 and up,0.5885129315129315,Dating
2RedBeans,DATING,4.0,337,32.0,10000,Free,0,Mature 17+,Dating,"July 31, 2018",2.8.0,4.3 and up,0.5978684477915248,Dating
Dating for 50 plus Mature Singles – FINALLY,DATING,4.6,13049,13.0,500000,Free,0,Mature 17+,Dating,"July 31, 2018",4.17.2,4.1 and up,0.5087301587301588,Dating
"BiggerCity: Chat for gay bears, chubs & chasers",DATING,4.1,923,44.0,100000,Free,0,Mature 17+,Dating,"August 2, 2018",3.4.1.1,4.1 and up,0.5781575964057872,Dating
Herpes Positive Singles Dating,DATING,4.4,198,28.0,10000,Free,0,Mature 17+,Dating,"May 18, 2018",5.5.7,4.1 and up,0.5264661281179138,Dating
"FastMeet: Chat, Dating, Love",DATING,4.2,22545,5.9,1000000,Free,0,Mature 17+,Dating,"July 27, 2018",1.31.4,4.0.3 and up,0.5173434343434344,Dating
Christian Dating For Free App,DATING,3.9,8723,13.0,500000,Free,0,Mature 17+,Dating,"June 20, 2018",15.8,4.1 and up,0.4786601830996281,Dating
Gay Sugar Daddy Dating & Hookup – Sudy Gay,DATING,4.1,2212,41.0,100000,Free,0,Mature 17+,Dating,"June 20, 2018",2.0.5,4.0.3 and up,0.6372210351377018,Dating
BBW Dating & Curvy Singles Chat- LargeFriends,DATING,4.4,218,27.0,10000,Free,0,Mature 17+,Dating,"July 23, 2018",5.2.9,4.1 and up,0.45742092352092356,Dating
"Hide App, Private Dating, Safe Chat - PrivacyHider",DATING,4.4,35205,7.2,1000000,Free,0,Everyone,Dating,"May 21, 2018",2.9.6,4.0 and up,0.46029688922770684,Dating
Hitwe - meet people and chat,DATING,4.2,243950,21.0,10000000,Free,0,Mature 17+,Dating,"May 10, 2018",4.3.2,4.1 and up,0.694104938271605,Dating
95Live -SG#1 Live Streaming App,DATING,4.1,4954,15.0,1000000,Free,0,Teen,Dating,"August 1, 2018",8.7.2,4.2 and up,0.4559274799274799,Dating
"Hily: Dating, Chat, Match, Meet & Hook up",DATING,4.1,2560,56.0,100000,Free,0,Mature 17+,Dating,"August 1, 2018",2.5.2,4.1 and up,0.5553312065566968,Dating
Black People Meet Singles Date,DATING,3.9,10212,5.0,1000000,Free,0,Mature 17+,Dating,"July 25, 2018",1.9.7,4.4 and up,0.5053452310676337,Dating
BBW Dating & Plus Size Chat,DATING,4.4,12633,29.0,1000000,Free,0,Mature 17+,Dating,"July 27, 2018",3.5.0.1,4.1 and up,0.49101675539175543,Dating
"2Date Dating App, Love and matching",DATING,4.4,41605,8.1,500000,Free,0,Mature 17+,Dating,"July 26, 2018",4.813,4.0.3 and up,0.5583907406662825,Dating
BBW Dating & Curvy Singles Chat- LargeFriends,DATING,4.4,218,27.0,10000,Free,0,Mature 17+,Dating,"July 23, 2018",5.2.9,4.1 and up,0.45742092352092356,Dating
FlirtChat - ♥Free Dating/Flirting App♥,DATING,4.3,2433,13.0,500000,Free,0,Mature 17+,Dating,"July 26, 2018",12.0.4,4.1 and up,0.5106957328385899,Dating
Free Live Talk-Video Call,DATING,4.7,158,4.5,10000,Free,0,Mature 17+,Dating,"July 5, 2018",8.2,4.0.3 and up,0.1,Dating
Free Dating Hook Up Messenger,DATING,3.3,1157,21.0,100000,Free,0,Mature 17+,Dating,"January 27, 2017",5.0.1,4.2 and up,0.5223361741189635,Dating
"Free Dating App - YoCutie - Flirt, Chat & Meet",DATING,4.1,97699,7.9,1000000,Free,0,Mature 17+,Dating,"July 10, 2018",1.230,4.0.3 and up,0.44732448577787565,Dating
Babbel – Learn Languages,EDUCATION,4.3,266948,21.0,10000000,Free,0,Everyone,Education,"July 30, 2018",20.7.2,4.4 and up,0.4983976758195508,EDUCATION
Flippy Campus - Buy & sell on campus at a discount,EDUCATION,4.0,889,7.4,500000,Free,0,Everyone,Education,"March 9, 2018",2.2.4,4.2 and up,0.49248472116119174,EDUCATION
ABC Preschool Free,EDUCATION,3.8,27572,25.0,5000000,Free,0,Everyone,Education;Education,"October 25, 2017",3.0,2.3 and up,0.4229706790123457,EDUCATION
English with Lingualeo,EDUCATION,4.7,254519,27.0,5000000,Free,0,Everyone,Education,"July 20, 2018",2.8.1,4.1 and up,0.3522718253968254,EDUCATION
C++ Tutorials,EDUCATION,4.1,358,1.9,50000,Free,0,Everyone,Education,"August 21, 2014",1.1,2.3 and up,0.5667438271604939,EDUCATION
C++ Programming,EDUCATION,4.3,11904,1.8,1000000,Free,0,Everyone,Education,"August 22, 2015",2.0,2.3 and up,0.5534449571775961,EDUCATION
C Programming,EDUCATION,4.3,22251,1.8,1000000,Free,0,Everyone,Education,"June 28, 2015",3.0,2.3 and up,0.541011544011544,EDUCATION
GMAT Question Bank,EDUCATION,4.2,240,29.0,10000,Free,0,Everyone,Education,"April 29, 2015",1.2.0,2.3.3 and up,0.4698832866479925,EDUCATION
GRE Tutor,EDUCATION,4.0,275,2.3,50000,Free,0,Everyone,Education,"December 2, 2013",2.9,2.1 and up,0.5681086043586043,EDUCATION
Babbel – Learn Languages,EDUCATION,4.3,266935,21.0,10000000,Free,0,Everyone,Education,"July 30, 2018",20.7.2,4.4 and up,0.4983976758195508,EDUCATION
Babbel – Learn Spanish,EDUCATION,4.4,54798,11.0,1000000,Free,0,Everyone,Education,"July 30, 2018",20.7.2,4.4 and up,0.5447092028342028,EDUCATION
HomeWork,EDUCATION,4.3,16195,5.2,1000000,Free,0,Everyone,Education,"September 20, 2016",8.5.2,4.0 and up,0.3,EDUCATION
Common Core,EDUCATION,4.0,835,15.0,100000,Free,0,Everyone,Education,"December 20, 2016",2.3.1,2.3 and up,0.4599950718923933,EDUCATION
Homework Planner,EDUCATION,4.0,2525,1.2,100000,Free,0,Everyone,Education,"January 11, 2015",15.9.4,4.0 and up,0.5334585326549611,EDUCATION
Edmodo,EDUCATION,4.1,200058,18.0,10000000,Free,0,Everyone,Education,"July 20, 2018",9.12.5,4.0.3 and up,0.44355813234384667,EDUCATION
"HelloTalk — Chat, Speak & Learn Foreign Languages",EDUCATION,4.4,84309,41.0,5000000,Free,0,Everyone,Education,"July 25, 2018",2.6.6,4.1 and up,0.6530555555555556,EDUCATION
Babbel – Learn Languages,EDUCATION,4.3,266948,21.0,10000000,Free,0,Everyone,Education,"July 30, 2018",20.7.2,4.4 and up,0.4983976758195508,EDUCATION
EasyBib: Citation Generator,EDUCATION,3.5,1405,7.3,100000,Free,0,Everyone,Education,"March 29, 2018",2.4.4,4.0 and up,0.3912238930659983,EDUCATION
"HelloTalk — Chat, Speak & Learn Foreign Languages",EDUCATION,4.4,84311,41.0,5000000,Free,0,Everyone,Education,"July 25, 2018",2.6.6,4.1 and up,0.6530555555555556,EDUCATION
H TV,ENTERTAINMENT,4.3,103078,5.6,5000000,Free,0,Everyone,Entertainment,"July 5, 2018",4.6.2,2.3.3 and up,0.4085042735042735,ENTERTAINMENT
Amazon Prime Video,ENTERTAINMENT,4.2,411683,24.0,50000000,Free,0,Teen,Entertainment,"August 2, 2018",3.0.231.18141,4.1 and up,0.5555555555555556,ENTERTAINMENT
Cinemark Theatres,ENTERTAINMENT,4.1,21867,39.0,1000000,Free,0,Teen,Entertainment,"July 12, 2018",2.19.0,5.0 and up,0.403097702991453,ENTERTAINMENT
Harkins Theatres,ENTERTAINMENT,4.3,1511,12.0,100000,Free,0,Everyone,Entertainment,"June 11, 2018",2.1.1,4.1 and up,0.490007597621234,ENTERTAINMENT
AMC Theatres,ENTERTAINMENT,4.3,44550,72.0,1000000,Free,0,Everyone,Entertainment,"July 18, 2018",6.18.3,5.0 and up,0.5781944444444445,ENTERTAINMENT
Cooking Channel,ENTERTAINMENT,4.1,1033,16.0,100000,Free,0,Teen,Entertainment,"July 27, 2018",Varies with device,Varies with device,0.533577256077256,ENTERTAINMENT
Animal Planet GO,ENTERTAINMENT,4.2,2442,9.6,100000,Free,0,Teen,Entertainment,"July 24, 2018",2.9.4,4.1 and up,0.45373677248677247,ENTERTAINMENT
Acorn TV: World-class TV from Britain and Beyond,ENTERTAINMENT,3.0,493,23.0,50000,Free,0,Everyone,Entertainment,"June 15, 2018",2.0.0,4.4 and up,0.5070377689942908,ENTERTAINMENT
HISTORY: Watch TV Show Full Episodes & Specials,ENTERTAINMENT,4.1,33387,20.0,1000000,Free,0,Teen,Entertainment,"July 16, 2018",3.1.4,4.4 and up,0.5211220068298389,ENTERTAINMENT
A&E - Watch Full Episodes of TV Shows,ENTERTAINMENT,4.0,29706,19.0,1000000,Free,0,Teen,Entertainment,"July 16, 2018",3.1.4,4.4 and up,0.49546326754385966,ENTERTAINMENT
BET NOW - Watch Shows,ENTERTAINMENT,4.2,14807,19.0,1000000,Free,0,Teen,Entertainment,"July 8, 2018",11.45.0,4.4 and up,0.40812905844155845,ENTERTAINMENT
Comedy Central,ENTERTAINMENT,3.9,22378,19.0,1000000,Free,0,Teen,Entertainment,"July 8, 2018",11.45.0,4.4 and up,0.34690642241745184,ENTERTAINMENT
CW Seed,ENTERTAINMENT,4.5,16372,13.0,500000,Free,0,Teen,Entertainment,"July 18, 2018",1.16,4.4 and up,0.5177009847148736,ENTERTAINMENT
HISTORY: Watch TV Show Full Episodes & Specials,ENTERTAINMENT,4.1,33387,20.0,1000000,Free,0,Teen,Entertainment,"July 16, 2018",3.1.4,4.4 and up,0.5211220068298389,ENTERTAINMENT
A&E - Watch Full Episodes of TV Shows,ENTERTAINMENT,4.0,29706,19.0,1000000,Free,0,Teen,Entertainment,"July 16, 2018",3.1.4,4.4 and up,0.49546326754385966,ENTERTAINMENT
BET NOW - Watch Shows,ENTERTAINMENT,4.2,14807,19.0,1000000,Free,0,Teen,Entertainment,"July 8, 2018",11.45.0,4.4 and up,0.40812905844155845,ENTERTAINMENT
HBO GO: Stream with TV Package,ENTERTAINMENT,3.8,87723,32.0,10000000,Free,0,Teen,Entertainment,"July 19, 2018",16.0.0.437,4.1 and up,0.5216060351511479,ENTERTAINMENT
FOX,ENTERTAINMENT,3.7,197774,44.0,10000000,Free,0,Mature 17+,Entertainment,"June 25, 2018",6.6.1,4.4 and up,0.4584032017365351,ENTERTAINMENT
HISTORY: Watch TV Show Full Episodes & Specials,ENTERTAINMENT,4.1,33387,20.0,1000000,Free,0,Teen,Entertainment,"July 16, 2018",3.1.4,4.4 and up,0.5211220068298389,ENTERTAINMENT
A&E - Watch Full Episodes of TV Shows,ENTERTAINMENT,4.0,29706,19.0,1000000,Free,0,Teen,Entertainment,"July 16, 2018",3.1.4,4.4 and up,0.49546326754385966,ENTERTAINMENT
Comedy Central,ENTERTAINMENT,3.9,22378,19.0,1000000,Free,0,Teen,Entertainment,"July 8, 2018",11.45.0,4.4 and up,0.34690642241745184,ENTERTAINMENT
BET NOW - Watch Shows,ENTERTAINMENT,4.2,14807,19.0,1000000,Free,0,Teen,Entertainment,"July 8, 2018",11.45.0,4.4 and up,0.40812905844155845,ENTERTAINMENT
FOX,ENTERTAINMENT,3.7,197774,44.0,10000000,Free,0,Mature 17+,Entertainment,"June 25, 2018",6.6.1,4.4 and up,0.4584032017365351,ENTERTAINMENT
Hamilton — The Official App,ENTERTAINMENT,4.5,1575,43.0,100000,Free,0,Everyone,Entertainment,"July 13, 2018",2.3.2,5.0 and up,0.43614353211823453,ENTERTAINMENT
All Events in City,EVENTS,4.0,3782,9.5,100000,Free,0,Everyone,Events,"June 12, 2018",8.4,4.0.3 and up,0.5618210678210679,EVENTS
DroidAdmin for Android - Advice,EVENTS,4.2,811,2.8,10000,Free,0,Everyone,Events,"May 29, 2018",3.8,4.0 and up,0.5074501424501425,EVENTS
Happy Birthday Songs Offline,EVENTS,4.4,464,8.9,100000,Free,0,Everyone,Events,"December 4, 2017",1.3,4.1 and up,0.634313725490196,EVENTS
"Gametime - Tickets to Sports, Concerts, Theater",EVENTS,4.5,8800,24.0,1000000,Free,0,Everyone,Events,"July 17, 2018",11.1.1,5.0 and up,0.5702181577181578,EVENTS
Citibanamex Movil,FINANCE,3.6,52306,42.0,5000000,Free,0,Everyone,Finance,"July 27, 2018",20.1.0,5.0 and up,0.5081359751359751,FINANCE
Bualuang mBanking,FINANCE,4.0,48445,10.0,5000000,Free,0,Everyone,Finance,"July 16, 2018",2.6.0,4.0.3 and up,0.34824705387205385,FINANCE
Ecobank Mobile Banking,FINANCE,4.0,12073,42.0,1000000,Free,0,Everyone,Finance,"May 25, 2018",3.3,4.2 and up,0.5415730180313514,FINANCE
Banorte Movil,FINANCE,4.1,111632,65.0,1000000,Free,0,Everyone,Finance,"June 9, 2018",5.10.1.40699,4.4 and up,0.5673119519369519,FINANCE
BZWBK24 mobile,FINANCE,4.5,64959,39.0,1000000,Free,0,Everyone,Finance,"June 18, 2018",5.0.1,4.1 and up,0.5547810559006211,FINANCE
"Even - organize your money, get paid early",FINANCE,4.8,12304,21.0,100000,Free,0,Everyone,Finance,"August 2, 2018",6.0.16,5.0 and up,0.4627380952380952,FINANCE
Digit Save Money Automatically,FINANCE,4.5,8188,22.0,100000,Free,0,Everyone,Finance,"July 31, 2018",2.29.01,4.1 and up,0.4027419926303855,FINANCE
Expense IQ Money Manager,FINANCE,4.4,21570,27.0,1000000,Free,0,Everyone,Finance,"June 19, 2018",2.0.4,4.0 and up,0.44198430929882543,FINANCE
Experian - Free Credit Report,FINANCE,4.6,23130,46.0,1000000,Free,0,Everyone,Finance,"July 12, 2018",2.1.4,4.2 and up,0.5278456406717276,FINANCE
Branch,FINANCE,4.6,69973,3.8,1000000,Free,0,Everyone,Finance,"July 23, 2018",1.17.1,4.0 and up,0.44464553386428385,FINANCE
CreditWise from Capital One,FINANCE,4.6,26587,8.4,1000000,Free,0,Everyone,Finance,"July 19, 2018",1.18.0,4.4 and up,0.5351311517429939,FINANCE
Credit Sesame,FINANCE,4.3,25166,11.0,1000000,Free,0,Everyone,Finance,"July 25, 2018",3.1.16,4.1 and up,0.3942038112959166,FINANCE
Fresh EBT - Food Stamp Balance,FINANCE,4.5,19870,7.4,1000000,Free,0,Everyone,Finance,"July 24, 2018",2.9.5,4.0.3 and up,0.4247380315762669,FINANCE
E*TRADE Mobile,FINANCE,3.9,10658,58.0,1000000,Free,0,Everyone,Finance,"August 2, 2018",6.8.2,4.4 and up,0.49361037978225475,FINANCE
Digit Save Money Automatically,FINANCE,4.5,8188,22.0,100000,Free,0,Everyone,Finance,"July 31, 2018",2.29.01,4.1 and up,0.4027419926303855,FINANCE
Current debit card and app made for teens,FINANCE,4.3,685,21.0,50000,Free,0,Everyone,Finance,"August 3, 2018",3.0.22,4.4 and up,0.4721886874699375,FINANCE
Betterment,FINANCE,4.4,3780,11.0,100000,Free,0,Everyone,Finance,"August 3, 2018",6.0.6,5.0 and up,0.5105452301501409,FINANCE
Citizens Bank Mobile Banking,FINANCE,4.1,15192,38.0,1000000,Free,0,Everyone,Finance,"May 23, 2018",4.2.1,4.1 and up,0.49393451290772716,FINANCE
GoBank,FINANCE,4.4,5950,12.0,500000,Free,0,Everyone,Finance,"June 1, 2018",2.131,4.1 and up,0.5303020581933049,FINANCE
BBVA Compass Banking,FINANCE,4.3,5905,50.0,500000,Free,0,Everyone,Finance,"July 27, 2018",6.0.2,4.4 and up,0.4824433106575964,FINANCE
BankMobile Vibe App,FINANCE,4.3,14627,23.0,1000000,Free,0,Everyone,Finance,"July 9, 2018",5.1,4.1 and up,0.5646099190664409,FINANCE
ACE Elite,FINANCE,4.1,2898,45.0,100000,Free,0,Everyone,Finance,"May 9, 2018",4.10.0,4.4 and up,0.44258938592271924,FINANCE
Associated Credit Union Mobile,FINANCE,4.7,3290,12.0,50000,Free,0,Everyone,Finance,"May 30, 2018",5.9.1.0,5.0 and up,0.5595348639455783,FINANCE
Bank of America Mobile Banking,FINANCE,4.4,341090,53.0,10000000,Free,0,Everyone,Finance,"July 31, 2018",7.8.8,4.4 and up,0.4850038651824366,FINANCE
Discover Mobile,FINANCE,4.6,87951,68.0,5000000,Free,0,Everyone,Finance,"July 23, 2018",9.7.0,4.1 and up,0.5277777777777778,FINANCE
Amex Mobile,FINANCE,4.3,24729,32.0,1000000,Free,0,Everyone,Finance,"August 3, 2018",6.7.0,5.0 and up,0.4177012452568008,FINANCE
Citi Mobile®,FINANCE,4.0,78306,46.0,5000000,Free,0,Everyone,Finance,"July 31, 2018",9.9.0,4.4 and up,0.4984982638888889,FINANCE
Chase Mobile,FINANCE,4.6,1374549,32.0,10000000,Free,0,Everyone,Finance,"July 23, 2018",3.52,5.0 and up,0.488717625876108,FINANCE
Barclays US for Android,FINANCE,4.1,6998,24.0,1000000,Free,0,Everyone,Finance,"August 1, 2018",6.29.37589,5.0 and up,0.41255418771043767,FINANCE
Easy Recipes,FOOD_AND_DRINK,4.7,2707,8.9,100000,Free,0,Everyone,Food & Drink,"May 15, 2018",2.12,4.0.3 and up,0.5101388888888889,FOOD_AND_DRINK
Debonairs Pizza,FOOD_AND_DRINK,3.8,3320,8.4,500000,Free,0,Everyone,Food & Drink,"August 4, 2018",1.9.117,4.0.3 and up,0.6054166666666667,FOOD_AND_DRINK
Dunkin' Donuts,FOOD_AND_DRINK,4.2,68103,66.0,1000000,Free,0,Everyone,Food & Drink,"June 20, 2018",5.0.0,4.4 and up,0.47051000630182965,FOOD_AND_DRINK
Grubhub: Food Delivery,FOOD_AND_DRINK,4.5,155944,35.0,5000000,Free,0,Everyone,Food & Drink,"August 2, 2018",7.12,5.0 and up,0.47002923976608185,FOOD_AND_DRINK
Dairy Queen,FOOD_AND_DRINK,3.7,731,43.0,100000,Free,0,Everyone,Food & Drink,"July 25, 2018",2.1.0,4.1 and up,0.37438271604938267,FOOD_AND_DRINK
Healthy Recipes Free,FOOD_AND_DRINK,4.0,1077,17.0,100000,Free,0,Everyone,Food & Drink,"October 18, 2017",3.2.0,4.0.3 and up,0.5317927072927073,FOOD_AND_DRINK
Easy Healthy Recipes,FOOD_AND_DRINK,4.1,278,7.2,50000,Free,0,Everyone,Food & Drink,"July 20, 2018",24.5.0,4.0 and up,0.5893495297805643,FOOD_AND_DRINK
Cookpad,FOOD_AND_DRINK,4.5,131569,8.2,10000000,Free,0,Everyone,Food & Drink,"August 3, 2018",2.76.2.0-android,4.2 and up,0.5483966650633317,FOOD_AND_DRINK
"BigOven Recipes, Meal Planner, Grocery List & More",FOOD_AND_DRINK,4.3,31986,76.0,1000000,Free,0,Teen,Food & Drink,"November 23, 2017",5.7.23,5.0 and up,0.49978214060245313,FOOD_AND_DRINK
Grubhub: Food Delivery,FOOD_AND_DRINK,4.5,155944,35.0,5000000,Free,0,Everyone,Food & Drink,"August 2, 2018",7.12,5.0 and up,0.47002923976608185,FOOD_AND_DRINK
EatStreet Food Delivery App,FOOD_AND_DRINK,4.6,7690,25.0,100000,Free,0,Everyone,Food & Drink,"July 3, 2018",3.1.14,5.0 and up,0.5136076011076011,FOOD_AND_DRINK
Caviar - Food Delivery,FOOD_AND_DRINK,4.2,3755,8.5,100000,Free,0,Everyone,Food & Drink,"July 20, 2018",2.4.11,6.0 and up,0.5137362637362637,FOOD_AND_DRINK
Home Workout - No Equipment,HEALTH_AND_FITNESS,4.8,428156,15.0,10000000,Free,0,Everyone,Health & Fitness,"June 28, 2018",Varies with device,Varies with device,0.5552208555333555,HEALTH_AND_FITNESS
Home Workout for Men - Bodybuilding,HEALTH_AND_FITNESS,4.8,12705,15.0,1000000,Free,0,Everyone,Health & Fitness,"July 10, 2018",1.0.2,4.0 and up,0.47010378510378514,HEALTH_AND_FITNESS
Fat Burning Workout - Home Weight lose,HEALTH_AND_FITNESS,4.5,706,9.4,100000,Free,0,Everyone,Health & Fitness,"July 24, 2018",1.0.5,4.1 and up,0.5471371452621452,HEALTH_AND_FITNESS
Cycling - Bike Tracker,HEALTH_AND_FITNESS,4.5,9116,4.0,500000,Free,0,Everyone,Health & Fitness,"July 30, 2018",1.1.22,4.1 and up,0.6174126984126984,HEALTH_AND_FITNESS
Abs Training-Burn belly fat,HEALTH_AND_FITNESS,4.7,2071,6.9,100000,Free,0,Everyone,Health & Fitness,"July 24, 2018",1.0.12,4.1 and up,0.4469090862840863,HEALTH_AND_FITNESS
Calorie Counter - EasyFit free,HEALTH_AND_FITNESS,4.7,50294,11.0,1000000,Free,0,Everyone,Health & Fitness,"July 9, 2018",3.0.7,4.1 and up,0.5369835099867568,HEALTH_AND_FITNESS
BetterMe: Weight Loss Workouts,HEALTH_AND_FITNESS,4.2,14709,15.0,5000000,Free,0,Everyone,Health & Fitness,"July 26, 2018",2.8.2,5.0 and up,0.49825571575571576,HEALTH_AND_FITNESS
Bike Computer - GPS Cycling Tracker,HEALTH_AND_FITNESS,4.4,12029,4.3,1000000,Free,0,Everyone,Health & Fitness,"August 4, 2018",2.6,4.2 and up,0.47691442816442814,HEALTH_AND_FITNESS
8fit Workouts & Meal Planner,HEALTH_AND_FITNESS,4.6,115721,67.0,10000000,Free,0,Everyone,Health & Fitness,"July 11, 2018",3.5.0,5.0 and up,0.5346484758473062,HEALTH_AND_FITNESS
Couch to 10K Running Trainer,HEALTH_AND_FITNESS,4.6,10445,48.0,500000,Free,0,Everyone,Health & Fitness,"July 2, 2018",112.0,4.4 and up,0.5205262651534973,HEALTH_AND_FITNESS
"Home workouts - fat burning, abs, legs, arms,chest",HEALTH_AND_FITNESS,4.3,4848,13.0,1000000,Free,0,Everyone,Health & Fitness,"July 18, 2018",2.6,4.1 and up,0.5969551282051282,HEALTH_AND_FITNESS
"Fabulous: Motivate Me! Meditate, Relax, Sleep",HEALTH_AND_FITNESS,4.6,205299,31.0,5000000,Free,0,Everyone,Health & Fitness,"July 16, 2018",3.48,4.1 and up,0.5265805589912732,HEALTH_AND_FITNESS
Freeletics: Personal Trainer & Fitness Workouts,HEALTH_AND_FITNESS,4.5,130104,25.0,10000000,Free,0,Everyone,Health & Fitness,"August 3, 2018",5.3,5.0 and up,0.46370628720238094,HEALTH_AND_FITNESS
8fit Workouts & Meal Planner,HEALTH_AND_FITNESS,4.6,115721,67.0,10000000,Free,0,Everyone,Health & Fitness,"July 11, 2018",3.5.0,5.0 and up,0.5346484758473062,HEALTH_AND_FITNESS
Daily Yoga - Yoga Fitness Plans,HEALTH_AND_FITNESS,4.4,70769,35.0,5000000,Free,0,Everyone,Health & Fitness,"July 24, 2018",6.2.73,4.0 and up,0.5669227994227994,HEALTH_AND_FITNESS
Down Dog: Great Yoga Anywhere,HEALTH_AND_FITNESS,4.9,28945,12.0,500000,Free,0,Teen,Health & Fitness,"May 17, 2018",2.6.1,4.2 and up,0.5268369912690124,HEALTH_AND_FITNESS
21-Day Meditation Experience,HEALTH_AND_FITNESS,4.4,11506,15.0,100000,Free,0,Everyone,Health & Fitness,"August 2, 2018",3.0.0,4.1 and up,0.5510479902042402,HEALTH_AND_FITNESS
Headspace: Meditation & Mindfulness,HEALTH_AND_FITNESS,4.6,77563,39.0,10000000,Free,0,Everyone,Health & Fitness,"July 23, 2018",3.6.4,4.2 and up,0.42147727272727276,HEALTH_AND_FITNESS
Daily Yoga - Yoga Fitness Plans,HEALTH_AND_FITNESS,4.4,70769,35.0,5000000,Free,0,Everyone,Health & Fitness,"July 24, 2018",6.2.73,4.0 and up,0.5669227994227994,HEALTH_AND_FITNESS
Best Ovulation Tracker Fertility Calendar App Glow,HEALTH_AND_FITNESS,4.6,56145,23.0,1000000,Free,0,Everyone,Health & Fitness,"August 1, 2018",7.3.4-play,5.0 and up,0.5416666666666666,HEALTH_AND_FITNESS
"Eve Period Tracker - Love, Sex & Relationships App",HEALTH_AND_FITNESS,4.6,20326,28.0,1000000,Free,0,Teen,Health & Fitness,"August 4, 2018",2.9.18,4.1 and up,0.501774753024753,HEALTH_AND_FITNESS
Couch to 5K by RunDouble,HEALTH_AND_FITNESS,4.7,15674,6.1,1000000,Free,0,Everyone,Health & Fitness,"July 31, 2018",4.5.4,4.1 and up,0.4943462357748072,HEALTH_AND_FITNESS
Calorie Counter - MyNetDiary,HEALTH_AND_FITNESS,4.5,27439,19.0,1000000,Free,0,Everyone,Health & Fitness,"July 16, 2018",6.5.1,5.0 and up,0.5599666010020583,HEALTH_AND_FITNESS
10 Best Foods for You,HEALTH_AND_FITNESS,4.0,2490,3.8,500000,Free,0,Everyone 10+,Health & Fitness,"February 17, 2017",1.9,2.3.3 and up,0.49545471424337406,HEALTH_AND_FITNESS
Calorie Counter - Macros,HEALTH_AND_FITNESS,4.0,3061,5.5,100000,Free,0,Everyone,Health & Fitness,"August 27, 2016",2.3.4,5.0 and up,0.5126753949820021,HEALTH_AND_FITNESS
Health and Nutrition Guide,HEALTH_AND_FITNESS,4.3,7895,3.3,500000,Free,0,Everyone,Health & Fitness,"July 15, 2018",3.3,4.0 and up,0.5183584892290249,HEALTH_AND_FITNESS
Food Calorie Calculator,HEALTH_AND_FITNESS,4.2,1324,4.0,100000,Free,0,Everyone,Health & Fitness,"January 29, 2018",10.2.0,4.0 and up,0.44987611304684477,HEALTH_AND_FITNESS
Calorie Counter - MyNetDiary,HEALTH_AND_FITNESS,4.5,27439,19.0,1000000,Free,0,Everyone,Health & Fitness,"July 16, 2018",6.5.1,5.0 and up,0.5599666010020583,HEALTH_AND_FITNESS
10 Best Foods for You,HEALTH_AND_FITNESS,4.0,2490,3.8,500000,Free,0,Everyone 10+,Health & Fitness,"February 17, 2017",1.9,2.3.3 and up,0.49545471424337406,HEALTH_AND_FITNESS
Eat Fit - Diet and Health Free,HEALTH_AND_FITNESS,4.1,2469,3.6,100000,Free,0,Everyone,Health & Fitness,"July 23, 2014",1.0.9,2.3 and up,0.5294246031746032,HEALTH_AND_FITNESS
Calorie Counter - Macros,HEALTH_AND_FITNESS,4.0,3061,5.5,100000,Free,0,Everyone,Health & Fitness,"August 27, 2016",2.3.4,5.0 and up,0.5126753949820021,HEALTH_AND_FITNESS
Health and Nutrition Guide,HEALTH_AND_FITNESS,4.3,7895,3.3,500000,Free,0,Everyone,Health & Fitness,"July 15, 2018",3.3,4.0 and up,0.5183584892290249,HEALTH_AND_FITNESS
Food Calorie Calculator,HEALTH_AND_FITNESS,4.2,1324,4.0,100000,Free,0,Everyone,Health & Fitness,"January 29, 2018",10.2.0,4.0 and up,0.44987611304684477,HEALTH_AND_FITNESS
Happify,HEALTH_AND_FITNESS,3.7,1812,37.0,100000,Free,0,Everyone,Health & Fitness,"July 24, 2018",1.31.0-15160.950adac99,4.4 and up,0.34500000000000003,HEALTH_AND_FITNESS
Brain Waves - Binaural Beats,HEALTH_AND_FITNESS,4.4,5038,10.0,500000,Free,0,Everyone,Health & Fitness,"July 15, 2018",5.2,4.4 and up,0.5443468915343915,HEALTH_AND_FITNESS
21-Day Meditation Experience,HEALTH_AND_FITNESS,4.4,11506,15.0,100000,Free,0,Everyone,Health & Fitness,"August 2, 2018",3.0.0,4.1 and up,0.5510479902042402,HEALTH_AND_FITNESS
"Fabulous: Motivate Me! Meditate, Relax, Sleep",HEALTH_AND_FITNESS,4.6,205299,31.0,5000000,Free,0,Everyone,Health & Fitness,"July 16, 2018",3.48,4.1 and up,0.5265805589912732,HEALTH_AND_FITNESS
Headspace: Meditation & Mindfulness,HEALTH_AND_FITNESS,4.6,77563,39.0,10000000,Free,0,Everyone,Health & Fitness,"July 23, 2018",3.6.4,4.2 and up,0.42147727272727276,HEALTH_AND_FITNESS
Daily Yoga - Yoga Fitness Plans,HEALTH_AND_FITNESS,4.4,70769,35.0,5000000,Free,0,Everyone,Health & Fitness,"July 24, 2018",6.2.73,4.0 and up,0.5669227994227994,HEALTH_AND_FITNESS
"Homes.com 🏠 For Sale, Rent",HOUSE_AND_HOME,4.0,6000,18.0,1000000,Free,0,Everyone,House & Home,"July 28, 2018",9.6.8,4.1 and up,0.4356902356902357,HOUSE_AND_HOME
"Apartment List: Housing, Apt, and Property Rentals",HOUSE_AND_HOME,4.5,8481,7.5,1000000,Free,0,Everyone,House & Home,"August 3, 2018",2.1.0,5.0 and up,0.5809655146534579,HOUSE_AND_HOME
Gold Butterfly Keyboard Theme,HOUSE_AND_HOME,4.3,10054,9.1,1000000,Free,0,Everyone,House & Home,"July 12, 2018",6.7.12.2018,4.0.3 and up,0.6011085211085211,HOUSE_AND_HOME
"Apartment, Home Rental Search: Realtor.com Rentals",HOUSE_AND_HOME,3.9,10117,13.0,1000000,Free,0,Everyone,House & Home,"June 29, 2018",3.6,4.0.3 and up,0.48327186147186146,HOUSE_AND_HOME
DIY On A Budget,HOUSE_AND_HOME,4.7,114,8.3,10000,Free,0,Teen,House & Home,"February 18, 2018",2.1,4.1 and up,0.5576276837640475,HOUSE_AND_HOME
Free Foreclosure Real Estate Search by USHUD.com,HOUSE_AND_HOME,3.4,287,27.0,100000,Free,0,Everyone,House & Home,"May 29, 2018",2.4.2,4.4 and up,0.4402344652344652,HOUSE_AND_HOME
Apartments.com Rental Search,HOUSE_AND_HOME,4.3,22584,16.0,1000000,Free,0,Everyone,House & Home,"July 16, 2018",4.7.13,4.4 and up,0.4129084844302236,HOUSE_AND_HOME
Home Decor Showpiece Art making: Medium Difficulty,HOUSE_AND_HOME,4.3,273,7.0,50000,Free,0,Everyone,House & Home,"May 30, 2018",1.2,4.0.3 and up,0.6261428571428571,HOUSE_AND_HOME
ColorSnap® Visualizer,HOUSE_AND_HOME,3.4,3280,77.0,1000000,Free,0,Everyone,House & Home,"June 29, 2018",5.0.1,4.0.3 and up,0.3499928774928775,HOUSE_AND_HOME
Apartment Decorating Ideas,HOUSE_AND_HOME,3.9,1478,5.7,100000,Free,0,Everyone,House & Home,"March 13, 2015",1.2,3.0 and up,0.2,HOUSE_AND_HOME
Bathroom Decorating Ideas,HOUSE_AND_HOME,4.1,2427,5.3,500000,Free,0,Everyone,House & Home,"March 12, 2015",1.4,3.0 and up,0.5115454545454545,HOUSE_AND_HOME
"Apartment List: Housing, Apt, and Property Rentals",HOUSE_AND_HOME,4.5,8481,7.5,1000000,Free,0,Everyone,House & Home,"August 3, 2018",2.1.0,5.0 and up,0.5809655146534579,HOUSE_AND_HOME
Homesnap Real Estate & Rentals,HOUSE_AND_HOME,4.3,3834,30.0,500000,Free,0,Everyone,House & Home,"July 31, 2018",5.20.38,4.2 and up,0.47902116402116407,HOUSE_AND_HOME
Apartments.com Rental Search,HOUSE_AND_HOME,4.3,22584,16.0,1000000,Free,0,Everyone,House & Home,"July 16, 2018",4.7.13,4.4 and up,0.4129084844302236,HOUSE_AND_HOME
Chakra Cleansing,LIBRARIES_AND_DEMO,4.6,539,99.0,50000,Free,0,Everyone,Libraries & Demo,"August 2, 2018",7.0,4.0.3 and up,0.5723406385281385,LIBRARIES_AND_DEMO
Binaural Beats Meditation,LIBRARIES_AND_DEMO,4.3,411,95.0,50000,Free,0,Everyone,Libraries & Demo,"June 8, 2018",5.0,4.0.3 and up,0.5643201884920634,LIBRARIES_AND_DEMO
Cool Popular Ringtones 2018 🔥,LIBRARIES_AND_DEMO,4.5,60170,28.0,1000000,Free,0,Everyone,Libraries & Demo,"July 13, 2018",2.4,5.0 and up,0.571494708994709,LIBRARIES_AND_DEMO
Barcode Scanner,LIBRARIES_AND_DEMO,4.2,3945,9.4,500000,Free,0,Everyone,Libraries & Demo,"January 9, 2018",4.2.2,3.2 and up,0.4835820560820561,LIBRARIES_AND_DEMO
EyeCloud,LIBRARIES_AND_DEMO,3.1,1267,55.0,100000,Free,0,Everyone,Libraries & Demo,"August 2, 2018",5.1.2,4.4 and up,0.3554406601628824,LIBRARIES_AND_DEMO
Easy Hair Style Design,LIFESTYLE,4.3,601,5.1,100000,Free,0,Everyone,Lifestyle,"December 20, 2017",1.0,2.3 and up,0.554462962962963,LIFESTYLE
Easy Makeup Tutorials,LIFESTYLE,4.3,7287,5.0,1000000,Free,0,Everyone,Lifestyle,"November 3, 2016",1.0,2.3 and up,0.42436317540484203,LIFESTYLE
Horoscopes – Daily Zodiac Horoscope and Astrology,LIFESTYLE,4.6,161143,11.0,10000000,Free,0,Everyone 10+,Lifestyle,"June 25, 2018",5.2.4(881),4.0.3 and up,0.40594568130282416,LIFESTYLE
Entel,LIFESTYLE,3.2,16168,55.0,1000000,Free,0,Everyone,Lifestyle,"July 26, 2018",2.2.9,4.0.3 and up,0.33131373256373253,LIFESTYLE
Diary with lock,LIFESTYLE,4.6,815893,4.4,10000000,Free,0,Everyone,Lifestyle,"June 30, 2018",4.90,4.1 and up,0.568277521195691,LIFESTYLE
FOSSIL Q: DESIGN YOUR DIAL,LIFESTYLE,4.3,985,16.0,500000,Free,0,Everyone,Lifestyle,"May 31, 2018",3.7,7.0 and up,0.33451561065197427,LIFESTYLE
Family Locator - GPS Tracker,LIFESTYLE,4.4,726074,45.0,10000000,Free,0,Everyone,Lifestyle,"August 2, 2018",16.7.1,4.4 and up,0.5448769579856536,LIFESTYLE
HTC Speak,LIFESTYLE,3.5,6145,13.0,10000000,Free,0,Everyone,Lifestyle,"June 30, 2016",8.00.775375,5.0 and up,0.3343441435108102,LIFESTYLE
H&M,LIFESTYLE,3.7,41941,14.0,10000000,Free,0,Everyone,Lifestyle,"July 30, 2018",9.6.3,4.4 and up,0.5764898448231781,LIFESTYLE
Anime Avatar Creator: Make Your Own Avatar,LIFESTYLE,4.2,10944,36.0,1000000,Free,0,Everyone,Lifestyle,"June 15, 2018",2.0,4.1 and up,0.5931982912212505,LIFESTYLE
Beautiful Design Birthday Cake,LIFESTYLE,4.3,665,3.0,500000,Free,0,Everyone,Lifestyle,"August 4, 2018",2.0,2.3 and up,0.519702380952381,LIFESTYLE
H Pack,LIFESTYLE,4.3,9412,1.7,1000000,Free,0,Everyone,Lifestyle,"December 17, 2016",1.5.1,4.0.3 and up,0.37940877525252525,LIFESTYLE
Fashion in Vogue,LIFESTYLE,3.8,1797,6.8,100000,Free,0,Everyone,Lifestyle,"September 27, 2016",2.0,4.3 and up,0.34800007023458346,LIFESTYLE
DIY Garden Ideas,LIFESTYLE,4.1,3309,13.0,500000,Free,0,Everyone,Lifestyle,"August 5, 2018",10.0,4.0 and up,0.6164950980392156,LIFESTYLE
Brit + Co,LIFESTYLE,3.9,987,4.5,10000,Free,0,Everyone,Lifestyle,"August 29, 2017",2.0.4,4.0 and up,0.5189175234487734,LIFESTYLE
Homestyler Interior Design & Decorating Ideas,LIFESTYLE,4.1,78298,29.0,5000000,Free,0,Everyone,Lifestyle,"August 2, 2018",3.1.2.1,4.1 and up,0.46706982799765306,LIFESTYLE
Fashion in Vogue,LIFESTYLE,3.8,1797,6.8,100000,Free,0,Everyone,Lifestyle,"September 27, 2016",2.0,4.3 and up,0.34800007023458346,LIFESTYLE
Fashion in Vogue,LIFESTYLE,3.8,1797,6.8,100000,Free,0,Everyone,Lifestyle,"September 27, 2016",2.0,4.3 and up,0.34800007023458346,LIFESTYLE
Etta Homes,LIFESTYLE,4.2,220,15.0,50000,Free,0,Everyone,Lifestyle,"July 26, 2018",9.1.0,5.0 and up,0.49577991452991454,LIFESTYLE
Home Scouting® MLS Mobile,LIFESTYLE,4.3,1533,7.7,100000,Free,0,Everyone,Lifestyle,"September 27, 2016",2.2.6,2.2 and up,0.36908837256493504,LIFESTYLE
Bed Time Fan - White Noise Sleep Sounds,LIFESTYLE,4.5,10097,7.5,500000,Free,0,Everyone,Lifestyle,"April 26, 2018",1.2,4.0 and up,0.6,LIFESTYLE
7 Day Food Journal Challenge,LIFESTYLE,4.5,3346,14.0,100000,Free,0,Teen,Lifestyle,"March 8, 2017",3.6.3,4.0.3 and up,0.6002028218694886,LIFESTYLE
Candy Crush Saga,GAME,4.4,22426677,74.0,500000000,Free,0,Everyone,Casual,"July 5, 2018",1.129.0.2,4.1 and up,0.45629279100529097,GAME
Bubble Shooter,GAME,4.5,148897,46.0,10000000,Free,0,Everyone,Casual,"July 17, 2018",1.20.1,4.0.3 and up,0.5156595926423513,GAME
Hello Kitty Nail Salon,GAME,4.2,369203,24.0,50000000,Free,0,Everyone,Casual;Pretend Play,"April 17, 2018",1.5,4.1 and up,0.517986901986902,GAME
Clash Royale,GAME,4.6,23133508,97.0,100000000,Free,0,Everyone 10+,Strategy,"June 27, 2018",2.3.2,4.1 and up,0.48923595085873556,GAME
Helix Jump,GAME,4.2,1497361,33.0,100000000,Free,0,Everyone,Action,"April 9, 2018",1.0.6,4.1 and up,0.4872210639607329,GAME
Block Puzzle,GAME,4.6,59800,7.8,5000000,Free,0,Everyone,Puzzle,"March 6, 2018",2.9,2.3 and up,0.5367871126316935,GAME
Angry Birds Rio,GAME,4.4,2610526,46.0,100000000,Free,0,Everyone,Arcade,"July 3, 2018",2.6.9,4.1 and up,0.4715201068772497,GAME
Candy Crush Soda Saga,GAME,4.4,6198563,67.0,100000000,Free,0,Everyone,Casual,"July 10, 2018",1.118.4,4.1 and up,0.48132998930374143,GAME
Clash of Clans,GAME,4.6,44891723,98.0,100000000,Free,0,Everyone 10+,Strategy,"July 15, 2018",10.322.16,4.1 and up,0.5339562645447385,GAME
Block Puzzle Classic Legend !,GAME,4.2,17039,4.9,5000000,Free,0,Everyone,Puzzle,"April 13, 2018",2.9,2.3.3 and up,0.5360595538720538,GAME
8 Ball Pool,GAME,4.5,14198297,52.0,100000000,Free,0,Everyone,Sports,"July 31, 2018",4.0.0,4.0.3 and up,0.4913517369146038,GAME
Bubble Witch 3 Saga,GAME,4.7,1732263,78.0,50000000,Free,0,Everyone,Puzzle,"July 17, 2018",4.8.4,3.0 and up,0.5379182096492003,GAME
Granny,GAME,4.5,1135631,59.0,50000000,Free,0,Teen,Arcade,"May 29, 2018",1.4.0.1,4.0 and up,0.5562993347603944,GAME
Angry Birds Classic,GAME,4.4,5566669,97.0,100000000,Free,0,Everyone,Arcade,"May 24, 2018",7.9.3,4.1 and up,0.5348862663965559,GAME
Flow Free,GAME,4.3,1295557,11.0,100000000,Free,0,Everyone,Puzzle,"April 11, 2018",4.0,4.1 and up,0.5201833408656908,GAME
Barbie™ Fashion Closet,GAME,4.1,68057,85.0,10000000,Free,0,Everyone,Casual;Creativity,"July 30, 2018",1.3.7,4.1 and up,0.47649350649350647,GAME
Candy Crush Jelly Saga,GAME,4.3,1300490,78.0,50000000,Free,0,Everyone,Puzzle,"July 20, 2018",2.1.10,4.0 and up,0.4811245660731962,GAME
Hill Climb Racing,GAME,4.4,8923587,63.0,100000000,Free,0,Everyone,Racing,"July 2, 2018",1.37.2,4.2 and up,0.49867449971988176,GAME
Farm Heroes Saga,GAME,4.4,7614130,70.0,100000000,Free,0,Everyone,Casual,"July 26, 2018",5.1.8,2.3 and up,0.44443435327298964,GAME
Cut the Rope FULL FREE,GAME,4.4,2123381,49.0,100000000,Free,0,Everyone,Puzzle,"July 5, 2018",3.7.2,4.1 and up,0.5702711808929921,GAME
8 Ball Pool,GAME,4.5,14198602,52.0,100000000,Free,0,Everyone,Sports,"July 31, 2018",4.0.0,4.0.3 and up,0.4913517369146038,GAME
Clash of Clans,GAME,4.6,44891723,98.0,100000000,Free,0,Everyone 10+,Strategy,"July 15, 2018",10.322.16,4.1 and up,0.5339562645447385,GAME
Candy Crush Saga,GAME,4.4,22428456,74.0,500000000,Free,0,Everyone,Casual,"July 5, 2018",1.129.0.2,4.1 and up,0.45629279100529097,GAME
Cooking Fever,GAME,4.5,3197865,82.0,100000000,Free,0,Everyone,Arcade,"July 12, 2018",2.8.0,4.0.3 and up,0.47786459601464903,GAME
Bubble Shooter,GAME,4.5,148895,46.0,10000000,Free,0,Everyone,Casual,"July 17, 2018",1.20.1,4.0.3 and up,0.5156595926423513,GAME
Candy Crush Soda Saga,GAME,4.4,6198880,67.0,100000000,Free,0,Everyone,Casual,"July 10, 2018",1.118.4,4.1 and up,0.48132998930374143,GAME
Garena Free Fire,GAME,4.5,5465624,53.0,100000000,Free,0,Teen,Action,"August 3, 2018",1.21.0,4.0.3 and up,0.4941331211427365,GAME
Block Puzzle,GAME,4.6,59854,7.8,5000000,Free,0,Everyone,Puzzle,"March 6, 2018",2.9,2.3 and up,0.5367871126316935,GAME
Clash Royale,GAME,4.6,23134775,97.0,100000000,Free,0,Everyone 10+,Strategy,"June 27, 2018",2.3.2,4.1 and up,0.48923595085873556,GAME
Granny,GAME,4.5,1137271,59.0,50000000,Free,0,Teen,Arcade,"May 29, 2018",1.4.0.1,4.0 and up,0.5562993347603944,GAME
Angry Birds Rio,GAME,4.4,2610622,46.0,100000000,Free,0,Everyone,Arcade,"July 3, 2018",2.6.9,4.1 and up,0.4715201068772497,GAME
Farm Heroes Saga,GAME,4.4,7614271,70.0,100000000,Free,0,Everyone,Casual,"July 26, 2018",5.1.8,2.3 and up,0.44443435327298964,GAME
Dream League Soccer 2018,GAME,4.6,9882639,74.0,100000000,Free,0,Everyone,Sports,"July 16, 2018",5.064,4.4 and up,0.483123897707231,GAME
Angry Birds Classic,GAME,4.4,5566805,97.0,100000000,Free,0,Everyone,Arcade,"May 24, 2018",7.9.3,4.1 and up,0.5348862663965559,GAME
Fruits Bomb,GAME,4.4,74673,17.0,10000000,Free,0,Everyone,Casual,"July 6, 2018",3.3.3179,4.0.3 and up,0.5306104619712214,GAME
Flow Free,GAME,4.3,1295606,11.0,100000000,Free,0,Everyone,Puzzle,"April 11, 2018",4.0,4.1 and up,0.5201833408656908,GAME
Farm Fruit Pop: Party Time,GAME,4.4,9305,14.0,1000000,Free,0,Everyone,Casual,"August 2, 2018",1.9.2,4.0.3 and up,0.47051459293394776,GAME
Helix Jump,GAME,4.2,1498648,33.0,100000000,Free,0,Everyone,Action,"April 9, 2018",1.0.6,4.1 and up,0.4872210639607329,GAME
Candy Crush Saga,GAME,4.4,22428456,74.0,500000000,Free,0,Everyone,Casual,"July 5, 2018",1.129.0.2,4.1 and up,0.45629279100529097,GAME
Granny,GAME,4.5,1137267,59.0,50000000,Free,0,Teen,Arcade,"May 29, 2018",1.4.0.1,4.0 and up,0.5562993347603944,GAME
8 Ball Pool,GAME,4.5,14200344,52.0,100000000,Free,0,Everyone,Sports,"July 31, 2018",4.0.0,4.0.3 and up,0.4913517369146038,GAME
Color by Number – New Coloring Book,GAME,4.7,141529,24.0,5000000,Free,0,Everyone 10+,Board,"August 1, 2018",2.0.6,4.1 and up,0.5402294533544533,GAME
Extreme Car Driving Simulator,GAME,4.3,2251012,52.0,100000000,Free,0,Everyone,Racing,"May 3, 2018",4.17.2,4.0 and up,0.4527777777777777,GAME
Color Road,GAME,4.1,84911,71.0,10000000,Free,0,Everyone,Arcade,"July 19, 2018",2.5.0,4.1 and up,0.45401725705297136,GAME
Draw In,GAME,4.2,46416,73.0,10000000,Free,0,Everyone,Arcade,"July 23, 2018",1.0.8,4.1 and up,0.5825,GAME
Baseball Boy!,GAME,3.4,148177,78.0,10000000,Free,0,Everyone,Arcade,"July 27, 2018",1.7.2,4.1 and up,0.4744802114272896,GAME
Hello Stars,GAME,4.6,101686,31.0,10000000,Free,0,Everyone,Puzzle,"August 4, 2018",1.8.2,4.1 and up,0.4964208718313196,GAME
Helix Jump,GAME,4.2,1499373,33.0,100000000,Free,0,Everyone,Action,"April 9, 2018",1.0.6,4.1 and up,0.4872210639607329,GAME
Flip the Gun - Simulator Game,GAME,4.2,195558,86.0,10000000,Free,0,Everyone,Arcade,"July 26, 2018",1.2,5.0 and up,0.47298784548784545,GAME
Grim Soul: Dark Fantasy Survival,GAME,4.5,189773,95.0,5000000,Free,0,Teen,Role Playing,"July 18, 2018",1.1.1,4.1 and up,0.5017646990789126,GAME
DRAGON BALL LEGENDS,GAME,4.6,337752,48.0,5000000,Free,0,Teen,Action,"August 3, 2018",1.11.0,6.0 and up,0.5191072965821683,GAME
Hero Hunters,GAME,4.4,70747,99.0,5000000,Free,0,Teen,Action,"July 31, 2018",1.7,4.4 and up,0.5063131914381914,GAME
Cooking Madness - A Chef's Restaurant Games,GAME,4.7,358817,49.0,10000000,Free,0,Everyone,Arcade,"July 30, 2018",1.2.2,4.1 and up,0.5167562877384306,GAME
Dino War: Rise of Beasts,GAME,4.1,18996,81.0,1000000,Free,0,Teen,Strategy,"August 1, 2018",1.5.2,4.1 and up,0.45208500824572256,GAME
Guns of Glory,GAME,4.0,120592,77.0,10000000,Free,0,Everyone 10+,Strategy,"July 31, 2018",2.0.2,4.0.3 and up,0.5351874996145829,GAME
Chapters: Interactive Stories,GAME,4.5,73539,96.0,1000000,Free,0,Mature 17+,Role Playing,"August 2, 2018",1.3.3,4.3 and up,0.5032795723384645,GAME
Honkai Impact 3rd,GAME,4.7,59017,82.0,1000000,Free,0,Teen,Action,"July 3, 2018",2.2.1,4.3 and up,0.5235471409602994,GAME
Farming Simulator 18,GAME,4.5,18125,15.0,100000,Paid,$4.99,Everyone,Simulation;Education,"July 9, 2018",Varies with device,4.4 and up,0.49332987151737157,GAME
Call of Duty:Black Ops Zombies,GAME,4.2,13004,46.0,100000,Paid,$6.99,Teen,Action,"December 20, 2016",1.0.11,2.3.3 and up,0.442716049382716,GAME
DRAGON BALL LEGENDS,GAME,4.6,337913,48.0,5000000,Free,0,Teen,Action,"August 3, 2018",1.11.0,6.0 and up,0.5191072965821683,GAME
Candy Crush Saga,GAME,4.4,22429716,74.0,500000000,Free,0,Everyone,Casual,"July 5, 2018",1.129.0.2,4.1 and up,0.45629279100529097,GAME
Angry Birds 2,GAME,4.6,3883589,57.0,100000000,Free,0,Everyone,Casual,"July 26, 2018",2.21.1,4.1 and up,0.49623943585150476,GAME
8 Ball Pool,GAME,4.5,14200550,52.0,100000000,Free,0,Everyone,Sports,"July 31, 2018",4.0.0,4.0.3 and up,0.4913517369146038,GAME
Fallout Shelter,GAME,4.6,2719142,25.0,10000000,Free,0,Teen,Simulation,"June 11, 2018",1.13.12,4.1 and up,0.5136060292384971,GAME
Choices: Stories You Play,GAME,4.6,807338,93.0,10000000,Free,0,Teen,Simulation,"July 30, 2018",2.3.5,4.0.3 and up,0.52632837418782,GAME
Game of Thrones: Conquest™,GAME,4.0,90218,97.0,1000000,Free,0,Teen,Strategy,"August 3, 2018",1.8.225278,6.0 and up,0.44722222222222224,GAME
FINAL FANTASY BRAVE EXVIUS,GAME,4.6,745684,83.0,5000000,Free,0,Teen,Role Playing,"July 17, 2018",3.0.2,4.0.3 and up,0.5314801504552734,GAME
Fate/Grand Order (English),GAME,4.4,16601,55.0,500000,Free,0,Teen,Role Playing,"July 26, 2018",1.18.0,4.0 and up,0.5285510635198135,GAME
Honkai Impact 3rd,GAME,4.7,59017,82.0,1000000,Free,0,Teen,Action,"July 3, 2018",2.2.1,4.3 and up,0.5235471409602994,GAME
Candy Crush Saga,GAME,4.4,22430188,74.0,500000000,Free,0,Everyone,Casual,"July 5, 2018",1.129.0.2,4.1 and up,0.45629279100529097,GAME
8 Ball Pool,GAME,4.5,14201891,52.0,100000000,Free,0,Everyone,Sports,"July 31, 2018",4.0.0,4.0.3 and up,0.4913517369146038,GAME
Candy Crush Soda Saga,GAME,4.4,6199095,67.0,100000000,Free,0,Everyone,Casual,"July 10, 2018",1.118.4,4.1 and up,0.48132998930374143,GAME
Bubble Shooter,GAME,4.5,148945,46.0,10000000,Free,0,Everyone,Casual,"July 17, 2018",1.20.1,4.0.3 and up,0.5156595926423513,GAME
Clash Royale,GAME,4.6,23136735,97.0,100000000,Free,0,Everyone 10+,Strategy,"June 27, 2018",2.3.2,4.1 and up,0.48923595085873556,GAME
Clash of Clans,GAME,4.6,44893888,98.0,100000000,Free,0,Everyone 10+,Strategy,"July 15, 2018",10.322.16,4.1 and up,0.5339562645447385,GAME
Farm Heroes Saga,GAME,4.4,7614415,70.0,100000000,Free,0,Everyone,Casual,"July 26, 2018",5.1.8,2.3 and up,0.44443435327298964,GAME
Block Puzzle,GAME,4.6,59907,7.8,5000000,Free,0,Everyone,Puzzle,"March 6, 2018",2.9,2.3 and up,0.5367871126316935,GAME
Flow Free,GAME,4.3,1295625,11.0,100000000,Free,0,Everyone,Puzzle,"April 11, 2018",4.0,4.1 and up,0.5201833408656908,GAME
Cooking Fever,GAME,4.5,3198176,82.0,100000000,Free,0,Everyone,Arcade,"July 12, 2018",2.8.0,4.0.3 and up,0.47786459601464903,GAME
Granny,GAME,4.5,1138239,59.0,50000000,Free,0,Teen,Arcade,"May 29, 2018",1.4.0.1,4.0 and up,0.5562993347603944,GAME
Dream League Soccer 2018,GAME,4.6,9883806,74.0,100000000,Free,0,Everyone,Sports,"July 16, 2018",5.064,4.4 and up,0.483123897707231,GAME
Fruits Bomb,GAME,4.4,74695,17.0,10000000,Free,0,Everyone,Casual,"July 6, 2018",3.3.3179,4.0.3 and up,0.5306104619712214,GAME
Angry Birds Classic,GAME,4.4,5566889,97.0,100000000,Free,0,Everyone,Arcade,"May 24, 2018",7.9.3,4.1 and up,0.5348862663965559,GAME
Hill Climb Racing,GAME,4.4,8923818,63.0,100000000,Free,0,Everyone,Racing,"July 2, 2018",1.37.2,4.2 and up,0.49867449971988176,GAME
Garena Free Fire,GAME,4.5,5476569,53.0,100000000,Free,0,Teen,Action,"August 3, 2018",1.21.0,4.0.3 and up,0.4941331211427365,GAME
Helix Jump,GAME,4.2,1500999,33.0,100000000,Free,0,Everyone,Action,"April 9, 2018",1.0.6,4.1 and up,0.4872210639607329,GAME
Crossy Road,GAME,4.5,4230886,60.0,100000000,Free,0,Everyone,Action,"August 1, 2018",3.1.0,5.0 and up,0.5298473893553813,GAME
Dude Perfect 2,GAME,4.5,401425,70.0,10000000,Free,0,Everyone,Action,"April 12, 2017",1.6.1,4.0.3 and up,0.5357966279447627,GAME
Alto's Adventure,GAME,4.6,515657,63.0,10000000,Free,0,Everyone,Action,"June 5, 2018",1.7.1,4.0 and up,0.5261316988814583,GAME
DEER HUNTER 2018,GAME,4.3,955656,82.0,10000000,Free,0,Teen,Action,"June 26, 2018",5.1.2,3.0 and up,0.4333333333333333,GAME
DRAGON BALL LEGENDS,GAME,4.6,337913,48.0,5000000,Free,0,Teen,Action,"August 3, 2018",1.11.0,6.0 and up,0.5191072965821683,GAME
Anger of stick 5 : zombie,GAME,4.5,549039,23.0,50000000,Free,0,Teen,Action,"August 3, 2018",1.1.5,2.3 and up,0.5027777777777778,GAME
DINO HUNTER: DEADLY SHORES,GAME,4.4,1381820,54.0,10000000,Free,0,Teen,Action,"March 14, 2017",3.1.1,3.0 and up,0.5055597754758974,GAME
Agar.io,GAME,4.2,3816799,32.0,100000000,Free,0,Everyone,Action,"July 23, 2018",2.2.8,4.0.3 and up,0.45973048669739847,GAME
Garena Free Fire,GAME,4.5,5476569,53.0,100000000,Free,0,Teen,Action,"August 3, 2018",1.21.0,4.0.3 and up,0.4941331211427365,GAME
Battlelands Royale,GAME,4.4,105620,61.0,1000000,Free,0,Everyone 10+,Action,"July 16, 2018",0.5.8,4.1 and up,0.5142119465462056,GAME
Dragon Hills,GAME,4.5,354373,66.0,10000000,Free,0,Everyone 10+,Action,"October 12, 2017",1.2.7,4.1 and up,0.5521841287019859,GAME
DC Super Hero Girls™,GAME,4.3,43055,95.0,5000000,Free,0,Everyone,Action;Action & Adventure,"June 29, 2018",2.8.0,4.0 and up,0.5733266488413546,GAME
Dinosaur Simulator: Dino World,GAME,4.0,26649,66.0,5000000,Free,0,Teen,Action,"August 5, 2018",1.2,4.2 and up,0.40544871794871795,GAME
GUNSHIP BATTLE: Helicopter 3D,GAME,4.3,2151039,75.0,50000000,Free,0,Teen,Action,"August 1, 2018",2.6.61,4.0.3 and up,0.45793083900226755,GAME
Candy Crush Saga,GAME,4.4,22430188,74.0,500000000,Free,0,Everyone,Casual,"July 5, 2018",1.129.0.2,4.1 and up,0.45629279100529097,GAME
Block Puzzle,GAME,4.6,59907,7.8,5000000,Free,0,Everyone,Puzzle,"March 6, 2018",2.9,2.3 and up,0.5367871126316935,GAME
Helix Jump,GAME,4.2,1500622,33.0,100000000,Free,0,Everyone,Action,"April 9, 2018",1.0.6,4.1 and up,0.4872210639607329,GAME
8 Ball Pool,GAME,4.5,14201604,52.0,100000000,Free,0,Everyone,Sports,"July 31, 2018",4.0.0,4.0.3 and up,0.4913517369146038,GAME
Bubble Shooter,GAME,4.5,148990,46.0,10000000,Free,0,Everyone,Casual,"July 17, 2018",1.20.1,4.0.3 and up,0.5156595926423513,GAME
Bubble Shooter Genies,GAME,4.5,26985,41.0,5000000,Free,0,Everyone,Casual,"June 4, 2018",1.9.1,4.0.3 and up,0.529732683982684,GAME
Blossom Blast Saga,GAME,4.5,1125438,63.0,10000000,Free,0,Everyone,Casual,"July 5, 2018",57.0.8,4.0.3 and up,0.5138021835417669,GAME
Hill Climb Racing,GAME,4.4,8923847,63.0,100000000,Free,0,Everyone,Racing,"July 2, 2018",1.37.2,4.2 and up,0.49867449971988176,GAME
Candy Bomb,GAME,4.4,42145,20.0,10000000,Free,0,Everyone,Casual;Brain Games,"July 4, 2018",2.9.3181,4.0.3 and up,0.6062394781144781,GAME
Flow Free,GAME,4.3,1295625,11.0,100000000,Free,0,Everyone,Puzzle,"April 11, 2018",4.0,4.1 and up,0.5201833408656908,GAME
Gems or jewels ?,GAME,4.7,171448,13.0,10000000,Free,0,Teen,Puzzle,"August 3, 2018",1.0.109,4.0 and up,0.43863784363784364,GAME
Angry Birds Rio,GAME,4.4,2610680,46.0,100000000,Free,0,Everyone,Arcade,"July 3, 2018",2.6.9,4.1 and up,0.4715201068772497,GAME
Candy Crush Jelly Saga,GAME,4.3,1300619,78.0,50000000,Free,0,Everyone,Puzzle,"July 20, 2018",2.1.10,4.0 and up,0.4811245660731962,GAME
Cut the Rope FULL FREE,GAME,4.4,2123793,49.0,100000000,Free,0,Everyone,Puzzle,"July 5, 2018",3.7.2,4.1 and up,0.5702711808929921,GAME
Angry Birds Classic,GAME,4.4,5566908,97.0,100000000,Free,0,Everyone,Arcade,"May 24, 2018",7.9.3,4.1 and up,0.5348862663965559,GAME
Fruit Block - Puzzle Legend,GAME,4.6,125647,33.0,10000000,Free,0,Everyone,Casual,"July 23, 2018",60,4.1 and up,0.3777777777777777,GAME
1LINE – One Line with One Touch,GAME,4.6,214878,10.0,10000000,Free,0,Everyone,Board,"August 3, 2018",2.0.4,4.1 and up,0.5573153053087264,GAME
Block Puzzle Classic Legend !,GAME,4.2,17044,4.9,5000000,Free,0,Everyone,Puzzle,"April 13, 2018",2.9,2.3.3 and up,0.5360595538720538,GAME
Farm Heroes Saga,GAME,4.4,7614407,70.0,100000000,Free,0,Everyone,Casual,"July 26, 2018",5.1.8,2.3 and up,0.44443435327298964,GAME
Dog Run - Pet Dog Simulator,GAME,4.7,48615,24.0,10000000,Free,0,Everyone,Simulation;Action & Adventure,"May 22, 2018",1.4.12,4.1 and up,0.5067884322678843,GAME
Candy Bomb,FAMILY,4.4,42145,20.0,10000000,Free,0,Everyone,Casual;Brain Games,"July 4, 2018",2.9.3181,4.0.3 and up,0.6062394781144781,FAMILY
Coloring & Learn,FAMILY,4.4,12753,51.0,5000000,Free,0,Everyone,Educational;Creativity,"July 17, 2018",1.49,4.0.3 and up,0.6094258373205742,FAMILY
Educational Games 4 Kids,FAMILY,4.3,11618,39.0,5000000,Free,0,Everyone,Educational;Education,"April 3, 2018",2.4,4.1 and up,0.4732344117870434,FAMILY
Candy Pop Story,FAMILY,4.7,12948,23.0,1000000,Free,0,Everyone,Casual;Brain Games,"May 24, 2018",2.0.3165,2.3 and up,0.47871180555555554,FAMILY
Hello Kitty Nail Salon,FAMILY,4.2,369378,24.0,50000000,Free,0,Everyone,Casual;Pretend Play,"April 17, 2018",1.5,4.1 and up,0.517986901986902,FAMILY
Candy Smash,FAMILY,4.5,11436,15.0,1000000,Free,0,Everyone,Casual;Brain Games,"April 17, 2018",2.2.3169,4.0.3 and up,0.5162118055555556,FAMILY
Happy Fruits Bomb - Cube Blast,FAMILY,4.5,2150,20.0,500000,Free,0,Everyone,Casual;Brain Games,"February 1, 2018",1.0.3122,4.0.3 and up,0.45399134199134195,FAMILY
Dog Run - Pet Dog Simulator,FAMILY,4.7,48615,24.0,10000000,Free,0,Everyone,Simulation;Action & Adventure,"May 22, 2018",1.4.12,4.1 and up,0.5067884322678843,FAMILY
Coloring book moana,FAMILY,3.9,974,14.0,500000,Free,0,Everyone,Art & Design;Pretend Play,"January 15, 2018",2.0.0,4.0.3 and up,0.641540404040404,FAMILY
Baby Panda Care,FAMILY,4.2,108795,49.0,10000000,Free,0,Everyone,Educational;Pretend Play,"June 15, 2018",8.25.10.00,4.0.3 and up,0.5404242424242424,FAMILY
Bubble Shooter,FAMILY,4.4,59843,20.0,5000000,Free,0,Everyone,Puzzle;Brain Games,"January 9, 2018",2.3.3122,2.3 and up,0.5156595926423513,FAMILY
Baby puzzles,FAMILY,4.3,11950,19.0,5000000,Free,0,Everyone,Educational;Education,"July 12, 2018",6.1,4.0.3 and up,0.5072541012452412,FAMILY
Garden Fruit Legend,FAMILY,4.6,4289,33.0,500000,Free,0,Everyone,Casual;Brain Games,"July 31, 2018",3.5.3183,4.0.3 and up,0.5757478632478632,FAMILY
Barbie™ Fashion Closet,FAMILY,4.1,68286,85.0,10000000,Free,0,Everyone,Casual;Creativity,"July 30, 2018",1.3.7,4.1 and up,0.47649350649350647,FAMILY
Candy Day,FAMILY,4.5,11716,48.0,1000000,Free,0,Everyone,Casual;Brain Games,"August 3, 2018",8.4.3180,4.0 and up,0.4739181286549708,FAMILY
Barbie Magical Fashion,FAMILY,4.0,328619,15.0,10000000,Free,0,Everyone,Casual;Creativity,"October 6, 2017",2.2,4.1 and up,0.5782083847305621,FAMILY
Farming Simulator 14,FAMILY,4.5,530854,51.0,10000000,Free,0,Everyone,Simulation;Action & Adventure,"July 17, 2017",1.4.4,2.3.3 and up,0.48741907874260815,FAMILY
Educational Games for Kids,FAMILY,4.5,7050,24.0,1000000,Free,0,Everyone,Educational;Education,"May 27, 2018",2.0,4.0 and up,0.5136640211640212,FAMILY
Baby Tiger Care - My Cute Virtual Pet Friend,FAMILY,4.5,432,63.0,100000,Free,0,Everyone 10+,Educational;Education,"July 27, 2018",1.0.89,4.4 and up,0.36296296296296293,FAMILY
Drawing for Kids Learning Games for Toddlers age 3,FAMILY,4.6,29436,43.0,1000000,Free,0,Everyone,Educational;Education,"March 21, 2018",2.0.5.0,4.1 and up,0.5466666666666667,FAMILY
Baby Panda’s Juice Shop,FAMILY,4.5,19230,45.0,5000000,Free,0,Everyone,Educational;Brain Games,"July 12, 2018",8.25.10.01,4.0.3 and up,0.4916666666666667,FAMILY
Dr. Panda Restaurant 3,FAMILY,4.2,11126,91.0,1000000,Free,0,Everyone,Educational;Pretend Play,"March 23, 2018",1.6.4,4.1 and up,0.5161196258806553,FAMILY
Baby ABC in box! Kids alphabet games for toddlers!,FAMILY,4.6,9652,53.0,1000000,Free,0,Everyone,Educational;Education,"July 16, 2018",2.0.7.4,4.1 and up,0.4947191022191022,FAMILY
Dr. Panda Town: Vacation,FAMILY,3.8,10366,78.0,1000000,Free,0,Everyone,Education;Pretend Play,"July 24, 2018",1.2.1,4.1 and up,0.4862867192331478,FAMILY
Fuzzy Seasons: Animal Forest,FAMILY,4.8,12137,63.0,100000,Free,0,Everyone 10+,Simulation;Pretend Play,"August 6, 2018",149,4.1 and up,0.5792567683639112,FAMILY
Dog Run - Pet Dog Simulator,FAMILY,4.7,48701,24.0,10000000,Free,0,Everyone,Simulation;Action & Adventure,"May 22, 2018",1.4.12,4.1 and up,0.5067884322678843,FAMILY
Farming Simulator 14,FAMILY,4.5,530904,51.0,10000000,Free,0,Everyone,Simulation;Action & Adventure,"July 17, 2017",1.4.4,2.3.3 and up,0.48741907874260815,FAMILY
Extreme Racing 2 - Real driving RC cars game!,FAMILY,4.3,4207,93.0,500000,Free,0,Everyone,Racing;Action & Adventure,"August 31, 2017",1.1.9,4.1 and up,0.4190608465608465,FAMILY
Disney Magic Kingdoms: Build Your Own Magical Park,FAMILY,4.3,472584,91.0,10000000,Free,0,Everyone,Simulation;Action & Adventure,"August 2, 2018",3.2.0h,4.0.3 and up,0.4842235681407414,FAMILY
Equestria Girls,FAMILY,4.3,392596,53.0,10000000,Free,0,Everyone,Role Playing;Action & Adventure,"July 22, 2016",37893,4.0 and up,0.550960435543769,FAMILY
DC Super Hero Girls™,FAMILY,4.3,43060,95.0,5000000,Free,0,Everyone,Action;Action & Adventure,"June 29, 2018",2.8.0,4.0 and up,0.5733266488413546,FAMILY
Doctor Pets,FAMILY,4.2,23060,21.0,1000000,Free,0,Everyone,Educational;Education,"July 26, 2018",1.19,4.1 and up,0.5141666666666667,FAMILY
DC Super Hero Girls™,FAMILY,4.3,43060,95.0,5000000,Free,0,Everyone,Action;Action & Adventure,"June 29, 2018",2.8.0,4.0 and up,0.5733266488413546,FAMILY
Disney Magic Kingdoms: Build Your Own Magical Park,FAMILY,4.3,472584,91.0,10000000,Free,0,Everyone,Simulation;Action & Adventure,"August 2, 2018",3.2.0h,4.0.3 and up,0.4842235681407414,FAMILY
Frozen Free Fall,FAMILY,4.3,1574197,37.0,50000000,Free,0,Everyone,Puzzle;Action & Adventure,"July 27, 2018",6.7.0,4.2 and up,0.5061268037518037,FAMILY
Dominos Game ✔️,FAMILY,4.1,2903,16.0,1000000,Free,0,Everyone,Board;Brain Games,"July 5, 2018",5.2,4.1 and up,0.3329251304251304,FAMILY
Checkers ✔️,FAMILY,4.1,3617,19.0,1000000,Free,0,Everyone,Board;Brain Games,"July 24, 2018",4.0.2,4.1 and up,0.4405675805675806,FAMILY
All-in-One Mahjong 3 FREE,FAMILY,4.5,566,17.0,50000,Free,0,Everyone,Board;Brain Games,"June 13, 2018",20180609,4.0 and up,0.6,FAMILY
DreamWorks Friends,FAMILY,3.6,1042,48.0,100000,Free,0,Everyone,Role Playing;Pretend Play,"August 4, 2017",2.5,4.3 and up,0.47637230894806654,FAMILY
Dr. Panda & Toto's Treehouse,FAMILY,4.4,3396,9.5,50000,Paid,$3.99,Everyone,Casual;Pretend Play,"December 9, 2014",1.8,4.0 and up,0.5326722544430877,FAMILY
DreamWorks Friends,FAMILY,3.6,1042,48.0,100000,Free,0,Everyone,Role Playing;Pretend Play,"August 4, 2017",2.5,4.3 and up,0.47637230894806654,FAMILY
Dr. Panda & Toto's Treehouse,FAMILY,4.4,3396,9.5,50000,Paid,$3.99,Everyone,Casual;Pretend Play,"December 9, 2014",1.8,4.0 and up,0.5326722544430877,FAMILY
Barbie Life™,FAMILY,3.9,133117,63.0,5000000,Free,0,Everyone,Casual;Pretend Play,"July 12, 2018",2.6,4.1 and up,0.3933479532163743,FAMILY
Baby Panda Care,FAMILY,4.2,108795,49.0,10000000,Free,0,Everyone,Educational;Pretend Play,"June 15, 2018",8.25.10.00,4.0.3 and up,0.5404242424242424,FAMILY
Hello Kitty Lunchbox,FAMILY,4.2,51838,15.0,5000000,Free,0,Everyone,Casual;Creativity,"November 21, 2017",1.6,4.1 and up,0.5605043532564542,FAMILY
COOKING MAMA Let's Cook!,FAMILY,4.3,528745,59.0,10000000,Free,0,Everyone,Educational;Pretend Play,"July 26, 2018",1.38.0,4.1 and up,0.5058891112561748,FAMILY
Equestria Girls,FAMILY,4.3,392596,53.0,10000000,Free,0,Everyone,Role Playing;Action & Adventure,"July 22, 2016",37893,4.0 and up,0.550960435543769,FAMILY
Frozen Free Fall,FAMILY,4.3,1574204,37.0,50000000,Free,0,Everyone,Puzzle;Action & Adventure,"July 27, 2018",6.7.0,4.2 and up,0.5061268037518037,FAMILY
ABCmouse.com,FAMILY,4.3,50887,91.0,5000000,Free,0,Everyone,Education;Education,"July 3, 2018",7.2.0,4.4 and up,0.5238508597883598,FAMILY
Essential Anatomy 3,MEDICAL,4.1,1533,42.0,50000,Paid,$11.99,Mature 17+,Medical,"August 7, 2014",1.1.3,4.0.3 and up,0.5223282227032227,MEDICAL
Diabetes & Diet Tracker,MEDICAL,4.6,395,19.0,1000,Paid,$9.99,Everyone,Medical,"July 16, 2018",6.5.1,5.0 and up,0.5684691607191606,MEDICAL
GoodRx Drug Prices and Coupons,MEDICAL,4.8,59158,11.0,1000000,Free,0,Everyone,Medical,"July 26, 2018",5.4.8,4.1 and up,0.449028314028314,MEDICAL
FollowMyHealth®,MEDICAL,4.6,73118,37.0,1000000,Free,0,Everyone,Medical,"May 10, 2018",3.3,4.4 and up,0.48177970677624415,MEDICAL
Blood Pressure,MEDICAL,4.2,33033,7.4,5000000,Free,0,Everyone,Medical,"July 24, 2018",3.27.3,4.1 and up,0.5866809116809117,MEDICAL
BioLife Plasma Services,MEDICAL,3.5,250,23.0,100000,Free,0,Everyone,Medical,"July 9, 2018",1.2.0,4.4 and up,0.4577038503824218,MEDICAL
Anthem Anywhere,MEDICAL,2.7,2657,24.0,500000,Free,0,Everyone,Medical,"July 27, 2018",8.0.226,4.4 and up,0.3850360223821762,MEDICAL
Blood Donor,MEDICAL,4.2,4476,20.0,500000,Free,0,Everyone,Medical,"July 31, 2018",1.6.2,4.1 and up,0.36418214831905305,MEDICAL
1800 Contacts - Lens Store,MEDICAL,4.7,23160,26.0,1000000,Free,0,Everyone,Medical,"July 27, 2018",7.4.1,5.0 and up,0.5910984848484848,MEDICAL
Blood Pressure Log - MyDiary,MEDICAL,4.7,8348,2.6,500000,Free,0,Everyone,Medical,"April 13, 2018",1.4.6,4.0 and up,0.5914018250499501,MEDICAL
CVS Caremark,MEDICAL,3.5,3707,10.0,500000,Free,0,Everyone,Medical,"July 28, 2018",4.36,4.4 and up,0.42912333393102625,MEDICAL
Ada - Your Health Guide,MEDICAL,4.7,87418,14.0,1000000,Free,0,Everyone,Medical,"July 16, 2018",2.25.0,4.4 and up,0.5554172335600908,MEDICAL
All Mental disorders,MEDICAL,4.5,453,11.0,100000,Free,0,Everyone,Medical,"July 7, 2017",1.1,4.0.3 and up,0.4228739316239316,MEDICAL
HealtheLife,MEDICAL,3.6,190,7.7,100000,Free,0,Everyone,Medical,"January 2, 2018",2.4.0,4.4 and up,0.36319146825396825,MEDICAL
Anatomy Learning - 3D Atlas,MEDICAL,4.5,72167,16.0,1000000,Free,0,Everyone,Medical,"July 18, 2018",2.0,4.1 and up,0.48883272206188877,MEDICAL
Baritastic - Bariatric Tracker,MEDICAL,4.7,4318,12.0,100000,Free,0,Everyone,Medical,"July 26, 2018",1.3.185,4.1 and up,0.571031492647564,MEDICAL
Banfield Pet Health Tracker,MEDICAL,4.2,1747,5.9,100000,Free,0,Everyone,Medical,"October 17, 2016",1.2.2,4.0 and up,0.49524039849039847,MEDICAL
Davis's Drug Guide for Nurses,MEDICAL,4.5,572,44.0,50000,Free,0,Everyone,Medical,"July 13, 2018",4.3.2.315,4.4 and up,0.4259259259259259,MEDICAL
HESI A2 Pocket Prep,MEDICAL,4.3,2108,28.0,50000,Free,0,Everyone,Medical,"May 2, 2018",4.5.1,4.4 and up,0.4689616402116402,MEDICAL
Davis's Drug Guide,MEDICAL,3.9,272,6.4,50000,Free,0,Everyone,Medical,"December 11, 2017",2.7.36,4.1 and up,0.5333333333333333,MEDICAL
Essential Anatomy 3,MEDICAL,4.1,1533,42.0,50000,Paid,$11.99,Mature 17+,Medical,"August 7, 2014",1.1.3,4.0.3 and up,0.5223282227032227,MEDICAL
Diabetes & Diet Tracker,MEDICAL,4.6,395,19.0,1000,Paid,$9.99,Everyone,Medical,"July 16, 2018",6.5.1,5.0 and up,0.5684691607191606,MEDICAL
Anthem BC Anywhere,MEDICAL,2.6,496,24.0,100000,Free,0,Everyone,Medical,"July 27, 2018",8.0.226,4.4 and up,0.36789554531490015,MEDICAL
Ada - Your Health Guide,MEDICAL,4.7,87418,14.0,1000000,Free,0,Everyone,Medical,"July 16, 2018",2.25.0,4.4 and up,0.5554172335600908,MEDICAL
All Mental disorders,MEDICAL,4.5,453,11.0,100000,Free,0,Everyone,Medical,"July 7, 2017",1.1,4.0.3 and up,0.4228739316239316,MEDICAL
High Blood Pressure Symptoms,MEDICAL,4.0,531,2.3,100000,Free,0,Everyone,Medical,"January 18, 2015",1.0,3.0 and up,0.5663588588588588,MEDICAL
Blood Pressure(BP) Diary,MEDICAL,3.7,3596,8.4,1000000,Free,0,Everyone,Medical,"July 18, 2018",4.0.9,4.0.3 and up,0.355830704018204,MEDICAL
Anthem Anywhere,MEDICAL,2.7,2657,24.0,500000,Free,0,Everyone,Medical,"July 27, 2018",8.0.226,4.4 and up,0.3850360223821762,MEDICAL
Airway Ex - Intubate. Anesthetize. Train.,MEDICAL,4.3,123,86.0,10000,Free,0,Everyone,Medical,"June 1, 2018",0.6.88,5.0 and up,0.49310152810152813,MEDICAL
BELONG Beating Cancer Together,MEDICAL,4.7,623,20.0,50000,Free,0,Teen,Medical,"July 29, 2018",4.0.5,4.3 and up,0.4141634626338574,MEDICAL
ConnectLine,MEDICAL,3.1,253,4.2,50000,Free,0,Everyone,Medical,"September 12, 2016",1.3.4,2.3.3 and up,0.4503203268814171,MEDICAL
Banfield Pet Health Tracker,MEDICAL,4.2,1747,5.9,100000,Free,0,Everyone,Medical,"October 17, 2016",1.2.2,4.0 and up,0.49524039849039847,MEDICAL
1800 Contacts - Lens Store,MEDICAL,4.7,23160,26.0,1000000,Free,0,Everyone,Medical,"July 27, 2018",7.4.1,5.0 and up,0.5910984848484848,MEDICAL
All Social Networks,SOCIAL,4.2,22492,1.5,1000000,Free,0,Everyone,Social,"May 21, 2018",2.4.12,4.0 and up,0.5138202177724237,SOCIAL
"Hide Something - Photo, Video",SOCIAL,4.6,225103,5.3,5000000,Free,0,Everyone,Social,"June 13, 2018",5.1.1,4.1 and up,0.5127991622574956,SOCIAL
Amino: Communities and Chats,SOCIAL,4.8,1259075,62.0,10000000,Free,0,Teen,Social,"July 20, 2018",1.8.19179,4.0.3 and up,0.5375361254760332,SOCIAL
HTC Social Plugin - Facebook,SOCIAL,3.6,13223,2.8,10000000,Free,0,Mature 17+,Social,"June 8, 2016",8.00.752746,4.4 and up,0.49405168905168906,SOCIAL
"Free phone calls, free texting SMS on free number",SOCIAL,4.5,412725,35.0,10000000,Free,0,Everyone,Social,"July 31, 2018",3.8.1,4.1 and up,0.5231201565923789,SOCIAL
Blogger,SOCIAL,3.7,138026,2.7,5000000,Free,0,Mature 17+,Social,"February 29, 2016",2.1.3,2.1 and up,0.5200550796321473,SOCIAL
Blogaway for Android (Blogger),SOCIAL,3.7,4253,4.1,100000,Free,0,Teen,Social,"May 31, 2018",7.0.7,4.0.3 and up,0.3590662578162578,SOCIAL
Banjo,SOCIAL,4.2,58341,9.3,1000000,Free,0,Everyone,Social,"July 25, 2015",4.6.2.0,2.3 and up,0.46412157310875257,SOCIAL
Couple - Relationship App,SOCIAL,4.0,33249,8.4,1000000,Free,0,Everyone,Social,"March 5, 2015",1.8.0,2.3 and up,0.5813240288788535,SOCIAL
Couple - Relationship App,SOCIAL,4.0,33249,8.4,1000000,Free,0,Everyone,Social,"March 5, 2015",1.8.0,2.3 and up,0.5813240288788535,SOCIAL
Amazon for Tablets,SHOPPING,4.0,141613,22.0,10000000,Free,0,Teen,Shopping,"July 31, 2018",16.14.0.850,4.4 and up,0.37119065656565653,SHOPPING
Amazon Shopping,SHOPPING,4.3,909226,42.0,100000000,Free,0,Teen,Shopping,"July 31, 2018",16.14.0.100,4.4 and up,0.4624378936759889,SHOPPING
GS SHOP,SHOPPING,3.8,44255,15.0,10000000,Free,0,Everyone,Shopping,"August 3, 2018",6.0.4,4.1 and up,0.3475877192982456,SHOPPING
Family Dollar,SHOPPING,4.3,2588,21.0,1000000,Free,0,Everyone,Shopping,"July 23, 2018",2.4.0,4.1 and up,0.4460639301175015,SHOPPING
11st,SHOPPING,3.8,48732,20.0,10000000,Free,0,Everyone,Shopping,"July 31, 2018",7.8.1,4.0 and up,0.4439569354256855,SHOPPING
CheckPoints 🏆 Rewards App,SHOPPING,4.1,23187,25.0,1000000,Free,0,Everyone,Shopping,"June 21, 2018",4.89,4.3 and up,0.5184227994227995,SHOPPING
Gyft - Mobile Gift Card Wallet,SHOPPING,4.1,9701,14.0,500000,Free,0,Everyone,Shopping,"July 25, 2018",2.4.0,4.4 and up,0.5253256169825719,SHOPPING
"Ebates: Cash Back, Coupons, Rewards & Savings",SHOPPING,4.5,37253,31.0,1000000,Free,0,Everyone,Shopping,"August 3, 2018",4.31.2,4.4 and up,0.41552014505961876,SHOPPING
HauteLook,SHOPPING,4.1,7193,7.3,500000,Free,0,Everyone,Shopping,"July 13, 2018",5.0.2,4.4 and up,0.4925493025493025,SHOPPING
Gyft - Mobile Gift Card Wallet,SHOPPING,4.1,9701,14.0,500000,Free,0,Everyone,Shopping,"July 25, 2018",2.4.0,4.4 and up,0.5253256169825719,SHOPPING
Amazon Shopping,SHOPPING,4.3,909204,42.0,100000000,Free,0,Teen,Shopping,"July 31, 2018",16.14.0.100,4.4 and up,0.4624378936759889,SHOPPING
Etsy: Handmade & Vintage Goods,SHOPPING,4.3,95520,15.0,10000000,Free,0,Teen,Shopping,"August 3, 2018",5.3.1,4.1 and up,0.5440019228160253,SHOPPING
ASOS,SHOPPING,4.7,181798,22.0,10000000,Free,0,Everyone,Shopping,"July 30, 2018",4.4.9,4.4 and up,0.5864045214045215,SHOPPING
Gyft - Mobile Gift Card Wallet,SHOPPING,4.1,9701,14.0,500000,Free,0,Everyone,Shopping,"July 25, 2018",2.4.0,4.4 and up,0.5253256169825719,SHOPPING
Etsy: Handmade & Vintage Goods,SHOPPING,4.3,95520,15.0,10000000,Free,0,Teen,Shopping,"August 3, 2018",5.3.1,4.1 and up,0.5440019228160253,SHOPPING
Find&Save - Local Shopping,SHOPPING,4.0,4602,6.2,500000,Free,0,Everyone,Shopping,"December 22, 2017",3.0.0,4.1 and up,0.38212278881815626,SHOPPING
ASOS,SHOPPING,4.7,181823,22.0,10000000,Free,0,Everyone,Shopping,"July 30, 2018",4.4.9,4.4 and up,0.5864045214045215,SHOPPING
FreePrints – Free Photos Delivered,PHOTOGRAPHY,4.8,109500,37.0,1000000,Free,0,Everyone,Photography,"August 2, 2018",2.18.2,4.1 and up,0.6266804152637486,PHOTOGRAPHY
Groovebook Photo Books & Gifts,PHOTOGRAPHY,4.0,21159,36.0,500000,Free,0,Everyone,Photography,"January 31, 2018",2.1.9,4.0.3 and up,0.5067545042492522,PHOTOGRAPHY
HD Camera - Best Cam with filters & panorama,PHOTOGRAPHY,4.5,38953,9.7,5000000,Free,0,Everyone,Photography,"July 26, 2018",2.2.4,4.2 and up,0.5875,PHOTOGRAPHY
"Face Filter, Selfie Editor - Sweet Camera",PHOTOGRAPHY,4.7,142634,22.0,10000000,Free,0,Everyone,Photography,"July 6, 2018",1.5.1,4.4 and up,0.5888655462184874,PHOTOGRAPHY
HD Camera - Quick Snap Photo & Video,PHOTOGRAPHY,4.5,21841,7.7,1000000,Free,0,Everyone,Photography,"July 24, 2018",1.6.4,4.2 and up,0.5777731092436975,PHOTOGRAPHY
HD Camera,PHOTOGRAPHY,4.3,49680,8.7,5000000,Free,0,Everyone,Photography,"July 11, 2018",1.8.5,4.2 and up,0.0,PHOTOGRAPHY
Garden Photo Frames - Garden Photo Editor,PHOTOGRAPHY,4.4,1864,13.0,500000,Free,0,Everyone,Photography,"May 3, 2018",22.0,4.0.3 and up,0.48137500000000005,PHOTOGRAPHY
BeautyPlus - Easy Photo Editor & Selfie Camera,PHOTOGRAPHY,4.4,3158047,53.0,100000000,Free,0,Everyone,Photography,"July 31, 2018",6.9.031,4.1 and up,0.30000000000000004,PHOTOGRAPHY
DSLR Camera Hd Ultra Professional,PHOTOGRAPHY,4.2,4410,4.5,1000000,Free,0,Everyone,Photography,"June 27, 2018",4.1,4.0.3 and up,0.5042909356725146,PHOTOGRAPHY
"Candy selfie - photo editor, live filter camera",PHOTOGRAPHY,4.4,53421,26.0,10000000,Free,0,Everyone,Photography,"August 6, 2018",2.74.685,4.0.3 and up,0.48031565656565656,PHOTOGRAPHY
Blur Image Background Editor (Blur Photo Editor),PHOTOGRAPHY,4.4,62421,9.6,5000000,Free,0,Everyone,Photography,"July 28, 2018",2.4,4.1 and up,0.530530303030303,PHOTOGRAPHY
Flickr,PHOTOGRAPHY,4.3,251951,16.0,10000000,Free,0,Mature 17+,Photography,"July 11, 2018",4.7.3,4.4 and up,0.4359923749572187,PHOTOGRAPHY
BeautyPlus - Easy Photo Editor & Selfie Camera,PHOTOGRAPHY,4.4,3157936,53.0,100000000,Free,0,Everyone,Photography,"July 31, 2018",6.9.031,4.1 and up,0.30000000000000004,PHOTOGRAPHY
Blur Image Background,PHOTOGRAPHY,3.9,129272,11.0,10000000,Free,0,Everyone,Photography,"July 30, 2018",1.32,4.1 and up,0.643939393939394,PHOTOGRAPHY
Flickr,PHOTOGRAPHY,4.3,251951,16.0,10000000,Free,0,Mature 17+,Photography,"July 11, 2018",4.7.3,4.4 and up,0.4359923749572187,PHOTOGRAPHY
HD Camera Ultra,PHOTOGRAPHY,4.3,462152,1.5,10000000,Free,0,Everyone,Photography,"October 17, 2015",2.3.1,Varies with device,0.5695181114814052,PHOTOGRAPHY
Cameringo Lite. Filters Camera,PHOTOGRAPHY,4.2,140917,5.7,10000000,Free,0,Everyone,Photography,"June 11, 2018",2.2.93,4.0 and up,0.5333333333333333,PHOTOGRAPHY
HD Camera Pro for Android,PHOTOGRAPHY,4.1,49211,1.9,1000000,Free,0,Everyone,Photography,"January 19, 2017",1.5.5,2.1 and up,0.6097689075630253,PHOTOGRAPHY
HD Camera for Android,PHOTOGRAPHY,4.1,351254,4.0,10000000,Free,0,Everyone,Photography,"June 29, 2018",4.6.0.0,4.2 and up,0.5457669413919414,PHOTOGRAPHY
GoPro (formerly Capture),PHOTOGRAPHY,4.0,157506,47.0,10000000,Free,0,Everyone,Photography,"May 24, 2018",4.5.2,5.0 and up,0.4620191285278281,PHOTOGRAPHY
"High-Speed Camera (GIF,Burst)",PHOTOGRAPHY,4.1,78140,10.0,5000000,Free,0,Everyone,Photography,"February 11, 2018",5.5.2,4.0.3 and up,0.3967372134038801,PHOTOGRAPHY
EyeEm - Camera & Photo Filter,PHOTOGRAPHY,4.2,215343,44.0,10000000,Free,0,Everyone,Photography,"July 14, 2018",6.4.3,4.0.3 and up,0.586203964953965,PHOTOGRAPHY
HD Camera for Android,PHOTOGRAPHY,4.1,351255,4.0,10000000,Free,0,Everyone,Photography,"June 29, 2018",4.6.0.0,4.2 and up,0.5457669413919414,PHOTOGRAPHY
FilterGrid - Cam&Photo Editor,PHOTOGRAPHY,4.6,126337,9.6,1000000,Free,0,Everyone,Photography,"March 15, 2017",2.0.5,4.0 and up,0.529429069607641,PHOTOGRAPHY
BeautyPlus - Easy Photo Editor & Selfie Camera,PHOTOGRAPHY,4.4,3158151,53.0,100000000,Free,0,Everyone,Photography,"July 31, 2018",6.9.031,4.1 and up,0.30000000000000004,PHOTOGRAPHY
Color Touch Effects,PHOTOGRAPHY,3.8,167652,12.0,10000000,Free,0,Everyone,Photography,"April 23, 2018",4.5,4.1 and up,0.44570958646616543,PHOTOGRAPHY
Font Studio- Photo Texts Image,PHOTOGRAPHY,4.2,197295,24.0,10000000,Free,0,Everyone,Photography,"June 23, 2017",4.0.7,4.0 and up,0.5220456932773109,PHOTOGRAPHY
Add Text To Photo,PHOTOGRAPHY,4.1,21578,1.6,1000000,Free,0,Everyone,Photography,"September 8, 2017",1.1.3,2.3 and up,0.4007626922823001,PHOTOGRAPHY
BeautyPlus - Easy Photo Editor & Selfie Camera,PHOTOGRAPHY,4.4,3158151,53.0,100000000,Free,0,Everyone,Photography,"July 31, 2018",6.9.031,4.1 and up,0.30000000000000004,PHOTOGRAPHY
Free Sports TV,SPORTS,4.3,1802,9.8,100000,Free,0,Everyone,Sports,"June 21, 2018",1.4,4.0.3 and up,0.5141263962375073,SPORTS
"FIFA - Tournaments, Soccer News & Live Scores",SPORTS,4.2,342909,6.0,10000000,Free,0,Everyone,Sports,"August 3, 2018",4.3.1,4.4 and up,0.44277674486007823,SPORTS
Football Live Scores,SPORTS,4.5,107724,6.5,5000000,Free,0,Everyone,Sports,"July 31, 2018",1004.0,4.0 and up,0.5309547152194212,SPORTS
All Football - Latest News & Videos,SPORTS,4.6,152867,17.0,10000000,Free,0,Everyone,Sports,"August 3, 2018",3.0.5,4.1 and up,0.5105386453823954,SPORTS
"All Football GO- Live Score, Games",SPORTS,4.6,1981,10.0,100000,Free,0,Everyone,Sports,"June 21, 2018",2.9.9go,4.1 and up,0.5140277777777779,SPORTS
Goal Live Scores,SPORTS,4.4,232423,35.0,5000000,Free,0,Everyone,Sports,"June 11, 2018",4.2.2,4.0.3 and up,0.5138371392496393,SPORTS
CBS Sports Fantasy,SPORTS,4.0,43611,27.0,1000000,Free,0,Everyone,Sports,"June 27, 2018",3.17.0+3,5.0 and up,0.488624757677788,SPORTS
Golf Channel,SPORTS,4.1,19230,88.0,1000000,Free,0,Everyone,Sports,"May 30, 2018",4.5.19.56,4.1 and up,0.4610644841269841,SPORTS
Golfshot: Golf GPS + Tee Times,SPORTS,4.3,7543,25.0,500000,Free,0,Everyone,Sports,"July 11, 2018",1.31.0,4.1 and up,0.4648870791245791,SPORTS
GolfLogix GPS + Putt Breaks,SPORTS,4.0,11085,61.0,1000000,Free,0,Everyone,Sports,"June 21, 2018",8.9.3,4.0.3 and up,0.4526742085075418,SPORTS
Golfshot Plus: Golf GPS,SPORTS,4.1,3387,25.0,50000,Paid,$29.99,Everyone,Sports,"July 11, 2018",4.18.0,4.1 and up,0.4753117784992785,SPORTS
FanDuel: Daily Fantasy Sports,SPORTS,4.6,29673,57.0,1000000,Free,0,Mature 17+,Sports,"August 6, 2018",2.46.1,5.0 and up,0.4659878000787092,SPORTS
DraftKings - Daily Fantasy Sports,SPORTS,4.5,50017,41.0,1000000,Free,0,Adults only 18+,Sports,"July 24, 2018",3.21.324,4.4 and up,0.5213883377425044,SPORTS
Fantasy Football Manager (FPL),SPORTS,4.4,63650,4.6,1000000,Free,0,Everyone,Sports,"August 3, 2018",7.0.2,4.1 and up,0.5221638655462185,SPORTS
Fantasy Football,SPORTS,3.5,50179,23.0,1000000,Free,0,Everyone,Sports,"August 2, 2018",2.5.7.1,5.0 and up,0.41102149863019427,SPORTS
CBS Sports Fantasy,SPORTS,4.0,43611,27.0,1000000,Free,0,Everyone,Sports,"June 27, 2018",3.17.0+3,5.0 and up,0.488624757677788,SPORTS
"FOX Sports: Live Streaming, Scores & News",SPORTS,4.0,28895,82.0,5000000,Free,0,Teen,Sports,"August 2, 2018",4.4.15,5.0 and up,0.520679012345679,SPORTS
"FIFA - Tournaments, Soccer News & Live Scores",SPORTS,4.2,342912,6.0,10000000,Free,0,Everyone,Sports,"August 3, 2018",4.3.1,4.4 and up,0.44277674486007823,SPORTS
365Scores - Live Scores,SPORTS,4.6,666521,25.0,10000000,Free,0,Everyone,Sports,"July 29, 2018",5.5.9,4.1 and up,0.6396103896103896,SPORTS
Fantasy Football & NFL News,SPORTS,4.5,2943,8.1,100000,Free,0,Everyone,Sports,"May 15, 2018",6.1.3,2.3.3 and up,0.5673918102594574,SPORTS
Golfshot: Golf GPS + Tee Times,SPORTS,4.3,7543,25.0,500000,Free,0,Everyone,Sports,"July 11, 2018",1.31.0,4.1 and up,0.4648870791245791,SPORTS
"FOX Sports: Live Streaming, Scores & News",SPORTS,4.0,28895,82.0,5000000,Free,0,Teen,Sports,"August 2, 2018",4.4.15,5.0 and up,0.520679012345679,SPORTS
Fantasy Football,SPORTS,3.5,50179,23.0,1000000,Free,0,Everyone,Sports,"August 2, 2018",2.5.7.1,5.0 and up,0.41102149863019427,SPORTS
"Expedia Hotels, Flights & Car Rental Travel Deals",TRAVEL_AND_LOCAL,4.1,136626,14.0,10000000,Free,0,Everyone,Travel & Local,"August 6, 2018",18.30.0,5.0 and up,0.5015541294642857,TRAVEL_AND_LOCAL
CityMaps2Go Plan Trips Travel Guide Offline Maps,TRAVEL_AND_LOCAL,4.3,64713,58.0,1000000,Free,0,Everyone,Travel & Local,"June 9, 2018",10.9.8 (Play),5.0 and up,0.5213652146464647,TRAVEL_AND_LOCAL
Hostelworld: Hostels & Cheap Hotels Travel App,TRAVEL_AND_LOCAL,4.4,17878,28.0,1000000,Free,0,Everyone,Travel & Local,"July 16, 2018",6.7.1,4.1 and up,0.5762854447140161,TRAVEL_AND_LOCAL
GPS Map Free,TRAVEL_AND_LOCAL,4.0,33782,7.6,5000000,Free,0,Everyone,Travel & Local,"July 11, 2018",4.6,4.0 and up,0.6000000000000001,TRAVEL_AND_LOCAL
GasBuddy: Find Cheap Gas,TRAVEL_AND_LOCAL,4.6,751551,42.0,10000000,Free,0,Mature 17+,Travel & Local,"August 2, 2018",5.2.0 21127,4.4 and up,0.5009855994699745,TRAVEL_AND_LOCAL
"AT&T Navigator: Maps, Traffic",TRAVEL_AND_LOCAL,3.6,32862,14.0,10000000,Free,0,Everyone,Travel & Local,"December 6, 2016",5.10.6.2.8466393,4.1 and up,0.41218410352646806,TRAVEL_AND_LOCAL
AirAsia,TRAVEL_AND_LOCAL,3.9,98585,37.0,10000000,Free,0,Everyone,Travel & Local,"July 16, 2018",5.0.4,4.4 and up,0.43236171236171234,TRAVEL_AND_LOCAL
"Expedia Hotels, Flights & Car Rental Travel Deals",TRAVEL_AND_LOCAL,4.1,136633,14.0,10000000,Free,0,Everyone,Travel & Local,"August 6, 2018",18.30.0,5.0 and up,0.5015541294642857,TRAVEL_AND_LOCAL
Allegiant,TRAVEL_AND_LOCAL,3.1,5572,21.0,1000000,Free,0,Everyone,Travel & Local,"July 12, 2018",5.16.1,4.4 and up,0.2333333333333333,TRAVEL_AND_LOCAL
Amtrak,TRAVEL_AND_LOCAL,3.7,16815,28.0,1000000,Free,0,Everyone,Travel & Local,"July 15, 2018",3.1.3,5.0 and up,0.369246213442642,TRAVEL_AND_LOCAL
Fly Delta,TRAVEL_AND_LOCAL,3.7,27560,46.0,5000000,Free,0,Everyone,Travel & Local,"July 31, 2018",4.13.2,5.0 and up,0.4622601174814454,TRAVEL_AND_LOCAL
Find Dining Restaurant Finder,TRAVEL_AND_LOCAL,4.1,427,26.0,100000,Free,0,Everyone,Travel & Local,"March 21, 2016",1.2.1,4.1 and up,0.4775996112730807,TRAVEL_AND_LOCAL
Hipmunk Hotels & Flights,TRAVEL_AND_LOCAL,4.3,16734,10.0,1000000,Free,0,Everyone,Travel & Local,"July 31, 2018",8.8.2,5.0 and up,0.6215854119425549,TRAVEL_AND_LOCAL
"Expedia Hotels, Flights & Car Rental Travel Deals",TRAVEL_AND_LOCAL,4.1,136626,14.0,10000000,Free,0,Everyone,Travel & Local,"August 6, 2018",18.30.0,5.0 and up,0.5015541294642857,TRAVEL_AND_LOCAL
CWT To Go,TRAVEL_AND_LOCAL,4.4,20313,57.0,100000,Free,0,Everyone,Travel & Local,"August 5, 2018",17.7.8,4.4 and up,0.5318358395989975,TRAVEL_AND_LOCAL
British Airways,TRAVEL_AND_LOCAL,4.2,25740,51.0,1000000,Free,0,Everyone,Travel & Local,"July 24, 2018",4.20,4.4 and up,0.3991548134405278,TRAVEL_AND_LOCAL
Cheap Flights & Hotels momondo,TRAVEL_AND_LOCAL,4.2,42546,24.0,5000000,Free,0,Everyone,Travel & Local,"April 25, 2018",7.6.5,4.4 and up,0.46549228074869103,TRAVEL_AND_LOCAL
Flights,TRAVEL_AND_LOCAL,4.4,18039,3.1,1000000,Free,0,Everyone,Travel & Local,"July 26, 2018",3.6.6,4.1 and up,0.4000104062604063,TRAVEL_AND_LOCAL
Fly Delta,TRAVEL_AND_LOCAL,3.7,27560,46.0,5000000,Free,0,Everyone,Travel & Local,"July 31, 2018",4.13.2,5.0 and up,0.4622601174814454,TRAVEL_AND_LOCAL
Cheapflights – Flight Search,TRAVEL_AND_LOCAL,4.4,47780,19.0,5000000,Free,0,Everyone,Travel & Local,"July 31, 2018",Varies with device,Varies with device,0.5859340659340659,TRAVEL_AND_LOCAL
"Expedia Hotels, Flights & Car Rental Travel Deals",TRAVEL_AND_LOCAL,4.1,136626,14.0,10000000,Free,0,Everyone,Travel & Local,"August 6, 2018",18.30.0,5.0 and up,0.5015541294642857,TRAVEL_AND_LOCAL
Hostelworld: Hostels & Cheap Hotels Travel App,TRAVEL_AND_LOCAL,4.4,17878,28.0,1000000,Free,0,Everyone,Travel & Local,"July 16, 2018",6.7.1,4.1 and up,0.5762854447140161,TRAVEL_AND_LOCAL
Hotels Combined - Cheap deals,TRAVEL_AND_LOCAL,4.1,17202,12.0,5000000,Free,0,Everyone,Travel & Local,"November 13, 2017",4.9.2,4.1 and up,0.35309964726631393,TRAVEL_AND_LOCAL
Ascape VR: 360° Virtual Travel,TRAVEL_AND_LOCAL,4.1,890,7.6,100000,Free,0,Everyone,Travel & Local;Action & Adventure,"August 9, 2017",4.0.38,4.4 and up,0.5006944444444444,TRAVEL_AND_LOCAL
GPS Status & Toolbox,TRAVEL_AND_LOCAL,4.5,149723,4.1,10000000,Free,0,Everyone,Travel & Local,"June 13, 2018",8.1.171,4.0 and up,0.4026825396825397,TRAVEL_AND_LOCAL
Airport + Flight Tracker Radar,TRAVEL_AND_LOCAL,4.2,6762,8.5,1000000,Free,0,Everyone,Travel & Local,"July 14, 2015",8.0,4.0 and up,0.42453282828282823,TRAVEL_AND_LOCAL
DreamTrips,TRAVEL_AND_LOCAL,4.7,9971,22.0,500000,Free,0,Teen,Travel & Local,"August 6, 2018",1.28.1,5.0 and up,0.43856872294372296,TRAVEL_AND_LOCAL
Cache Cleaner-DU Speed Booster (booster & cleaner),TOOLS,4.5,12759663,15.0,100000000,Free,0,Everyone,Tools,"July 25, 2018",3.1.2,4.0 and up,0.4570770895770896,TOOLS
"Calculator - free calculator, multi calculator app",TOOLS,4.6,25592,7.5,10000000,Free,0,Everyone,Tools,"July 31, 2018",v8.0.1.8.0629.1,4.2 and up,0.15416666666666667,TOOLS
Files Go by Google: Free up space on your phone,TOOLS,4.6,315585,8.5,10000000,Free,0,Everyone,Tools,"July 18, 2018",1.0.204375696,5.0 and up,0.5235522935864323,TOOLS
File Manager -- Take Command of Your Files Easily,TOOLS,4.2,127223,7.6,10000000,Free,0,Everyone,Tools,"August 3, 2018",v7.0.7.1.0625.1_06_0629,5.0 and up,0.3605555555555556,TOOLS
AT&T Smart Wi-Fi,TOOLS,3.9,18513,6.1,10000000,Free,0,Everyone,Tools,"April 26, 2018",3.2,4.1 and up,0.4328650238650239,TOOLS
DuraSpeed,TOOLS,3.8,5431,1.3,10000000,Free,0,Everyone,Tools,"November 13, 2017",1.5.0,6.0 and up,0.39668705168705165,TOOLS
HTC Sense Input-AR,TOOLS,3.8,1420,2.7,100000,Free,0,Everyone,Tools,"April 22, 2014",9.7.753080,4.1 and up,0.42227380952380955,TOOLS
Digital Alarm Clock,TOOLS,4.2,118439,16.0,10000000,Free,0,Everyone,Tools,"June 19, 2018",10.4,4.4 and up,0.480794760360488,TOOLS
Alarm Clock Free,TOOLS,4.0,59973,11.0,10000000,Free,0,Everyone,Tools,"March 16, 2018",1.2.5,4.0 and up,0.35684034219748506,TOOLS
"CM Flashlight (Compass, SOS)",TOOLS,4.4,166367,1.8,5000000,Free,0,Everyone,Tools,"May 25, 2018",1.4.0,2.3 and up,0.5946428571428571,TOOLS
Flashlight - Torch LED Light,TOOLS,4.4,192661,8.5,10000000,Free,0,Everyone,Tools,"July 7, 2018",2.4.1,4.1 and up,0.5391269841269841,TOOLS
Brightest Flashlight Free ®,TOOLS,4.7,1335799,3.8,50000000,Free,0,Everyone,Tools,"October 27, 2017",2.5.2,4.2 and up,0.5224523809523809,TOOLS
Fraction Calculator Plus Free,TOOLS,4.5,148506,11.0,5000000,Free,0,Everyone,Tools,"July 15, 2018",Varies with device,Varies with device,0.5620348647768003,TOOLS
CALCU™ Stylish Calculator Free,TOOLS,4.7,152692,11.0,5000000,Free,0,Everyone,Tools,"July 7, 2018",3.5.6,4.1 and up,0.45346700083542185,TOOLS
Calculator with Percent (Free),TOOLS,4.8,48211,7.4,1000000,Free,0,Everyone,Tools,"November 18, 2017",32.1,4.1 and up,0.5638605442176872,TOOLS
Graphing Calculator,TOOLS,3.9,12388,5.3,1000000,Free,0,Everyone,Tools,"April 1, 2016",1.17,2.3 and up,0.4644786015672091,TOOLS
ConvertPad - Unit Converter,TOOLS,4.4,90831,4.3,10000000,Free,0,Everyone,Tools,"June 18, 2017",3.1.00,4.2 and up,0.48779688251563247,TOOLS
Age Calculator,TOOLS,4.4,24265,3.3,1000000,Free,0,Everyone,Tools,"July 25, 2017",4.0.6,4.0.3 and up,0.6030233698593074,TOOLS
EzCalculator,TOOLS,4.1,1657,2.0,100000,Free,0,Everyone,Tools,"September 17, 2017",2.1.0,5.0 and up,0.5213414947625473,TOOLS
Hideman VPN,TOOLS,4.1,88675,9.6,5000000,Free,0,Everyone,Tools,"July 24, 2018",6.0.1,4.0 and up,0.40125649738552965,TOOLS
Fast Secure VPN,TOOLS,4.3,56848,9.6,1000000,Free,0,Everyone,Tools,"May 18, 2018",1.6.11,4.1 and up,0.41854095315035955,TOOLS
Free & Premium VPN - FinchVPN,TOOLS,4.2,19096,10.0,1000000,Free,0,Everyone,Tools,"July 5, 2018",2.0.2,4.1 and up,0.477772631395398,TOOLS
Hotspot Shield Free VPN Proxy & Wi-Fi Security,TOOLS,4.2,1116393,8.2,50000000,Free,0,Everyone,Tools,"August 6, 2018",6.1.0,4.1 and up,0.3932843137254902,TOOLS
FREEDOME VPN Unlimited anonymous Wifi Security,TOOLS,4.3,39833,9.9,1000000,Free,0,Everyone,Tools,"July 9, 2018",2.5.1.7592,4.0.3 and up,0.3477272727272727,TOOLS
AppLock - Fingerprint,TOOLS,4.4,745245,3.5,10000000,Free,0,Everyone,Tools,"April 13, 2018",7.2.0,2.3 and up,0.5643250329105592,TOOLS
3D Live Neon Weed Launcher,PERSONALIZATION,4.5,1724,21.0,100000,Free,0,Mature 17+,Personalization,"June 26, 2018",5.34.10,4.0.3 and up,0.4,PERSONALIZATION
Golden Launcher,PERSONALIZATION,4.4,32794,12.0,5000000,Free,0,Everyone,Personalization,"July 31, 2018",1.284.1.83,4.2 and up,0.5899720893141945,PERSONALIZATION
"CM Launcher 3D - Theme, Wallpapers, Efficient",PERSONALIZATION,4.6,6702776,17.0,100000000,Free,0,Teen,Personalization,"August 3, 2018",5.41.0,4.0.3 and up,0.5911111111111111,PERSONALIZATION
4K Wallpapers and Ultra HD Backgrounds,PERSONALIZATION,4.6,7583,3.8,500000,Free,0,Everyone 10+,Personalization,"July 4, 2018",2.6.2.1,4.0.3 and up,0.594328202661536,PERSONALIZATION
Birds Sounds Ringtones & Wallpapers,PERSONALIZATION,4.6,5073,23.0,1000000,Free,0,Everyone 10+,Personalization,"September 25, 2017",1.1,4.0 and up,0.4048684210526316,PERSONALIZATION
Funny Alarm Clock Ringtones,PERSONALIZATION,4.5,15633,14.0,1000000,Free,0,Everyone,Personalization,"March 9, 2017",1.1,4.0.3 and up,0.5961899862825789,PERSONALIZATION
Diamond Zipper Lock Screen,PERSONALIZATION,4.3,71688,12.0,10000000,Free,0,Everyone,Personalization,"June 11, 2018",3.5,4.1 and up,0.6061519607843138,PERSONALIZATION
Backgrounds (HD Wallpapers),PERSONALIZATION,4.7,202474,3.0,10000000,Free,0,Teen,Personalization,"August 9, 2017",2.6.0,4.0 and up,0.599070847362514,PERSONALIZATION
"APUS Launcher - Theme, Wallpaper, Hide Apps",PERSONALIZATION,4.5,5783441,14.0,100000000,Free,0,Everyone,Personalization,"August 6, 2018",3.9.7,4.0.3 and up,0.5185483870967742,PERSONALIZATION
Goku Wallpaper Art,PERSONALIZATION,4.7,6342,38.0,1000000,Free,0,Everyone,Personalization,"July 13, 2018",1.8,4.1 and up,0.517482993197279,PERSONALIZATION
Door Lock Screen,PERSONALIZATION,4.3,5413,3.9,1000000,Free,0,Everyone,Personalization,"July 28, 2018",3.3.a,4.0 and up,0.6068617724867725,PERSONALIZATION
ASUS Cover for ZenFone 2,PERSONALIZATION,4.4,43960,9.8,10000000,Free,0,Everyone,Personalization,"December 1, 2017",2.0.0.39_171124,5.0 and up,0.44305555555555554,PERSONALIZATION
Colorful Glitter Neon Butterfly Keyboard Theme,PERSONALIZATION,4.3,2056,9.8,500000,Free,0,Everyone,Personalization,"July 25, 2018",6.7.24.2018,4.0.3 and up,0.5825074404761905,PERSONALIZATION
"FUN Keyboard – Emoji Keyboard, Sticker,Theme & GIF",PERSONALIZATION,4.7,12089,27.0,500000,Free,0,Everyone,Personalization,"July 3, 2018",1.2.5,4.0 and up,0.34328703703703706,PERSONALIZATION
Freeme Launcher—Stylish Theme,PERSONALIZATION,4.1,2828,7.4,100000,Free,0,Everyone,Personalization,"January 22, 2017",2.11.5,4.1 and up,0.47637755102040824,PERSONALIZATION
Beautiful Widgets Pro,PERSONALIZATION,4.2,97890,14.0,1000000,Paid,$2.49,Everyone,Personalization,"August 24, 2016",5.7.8,2.3 and up,0.5016910966315729,PERSONALIZATION
Beautiful Widgets Free,PERSONALIZATION,3.9,25037,14.0,1000000,Free,0,Everyone,Personalization,"October 20, 2016",5.7.6,2.3 and up,0.5222924031986531,PERSONALIZATION
HD Widgets,PERSONALIZATION,4.3,58617,26.0,1000000,Paid,$0.99,Everyone,Personalization,"December 7, 2016",4.3.2,4.4 and up,0.5138021885521885,PERSONALIZATION
DashClock Widget,PERSONALIZATION,4.1,62301,1.9,1000000,Free,0,Everyone,Personalization,"May 11, 2016",1.7.2,4.2 and up,0.419047619047619,PERSONALIZATION
Fancy Widgets,PERSONALIZATION,4.2,37237,3.9,5000000,Free,0,Everyone,Personalization,"April 4, 2014",3.5.6,1.6 and up,0.5463555010574592,PERSONALIZATION
Best Wallpapers QHD,PERSONALIZATION,4.4,294701,5.1,10000000,Free,0,Teen,Personalization,"March 17, 2018",2.85,4.0.3 and up,0.6184401360544217,PERSONALIZATION
Dog Licks Screen Wallpaper,PERSONALIZATION,4.3,63624,10.0,5000000,Free,0,Everyone,Personalization,"November 20, 2017",11.0,4.0.3 and up,0.5277725905176885,PERSONALIZATION
Flowers Live Wallpaper,PERSONALIZATION,4.1,118459,3.3,10000000,Free,0,Everyone,Personalization,"October 27, 2017",4.0,4.1 and up,0.5650367309458219,PERSONALIZATION
Asteroids 3D live wallpaper,PERSONALIZATION,4.1,157495,6.4,10000000,Free,0,Everyone,Personalization,"July 24, 2018",4.0.0.7,4.4 and up,0.48231736087307936,PERSONALIZATION
Butterfly Live Wallpaper,PERSONALIZATION,4.1,35771,3.5,5000000,Free,0,Everyone,Personalization,"May 4, 2018",4.1,4.1 and up,0.503655303030303,PERSONALIZATION
Horses Live Wallpaper,PERSONALIZATION,4.2,28806,7.1,1000000,Free,0,Everyone,Personalization,"May 22, 2018",18.0,4.1 and up,0.5115710678210679,PERSONALIZATION
Buzz Launcher-Smart&Free Theme,PERSONALIZATION,4.4,251616,13.0,10000000,Free,0,Everyone,Personalization,"November 13, 2017",1.9.7.07,4.0.3 and up,0.5776225692297121,PERSONALIZATION
BIG Launcher,PERSONALIZATION,4.3,881,5.9,10000,Paid,$9.99,Everyone,Personalization,"June 20, 2018",2.5.9,2.1 and up,0.41012519511738266,PERSONALIZATION
"AVG Cleaner – Speed, Battery & Memory Booster",PRODUCTIVITY,4.4,1188154,24.0,10000000,Free,0,Everyone,Productivity,"June 14, 2018",4.6.4,4.1 and up,0.5824492063492064,PRODUCTIVITY
Archos File Manager,PRODUCTIVITY,4.0,2131,2.3,5000000,Free,0,Everyone,Productivity,"April 22, 2016",4.1.4,4.1 and up,0.4863489736070381,PRODUCTIVITY
Dropbox,PRODUCTIVITY,4.4,1861310,61.0,500000000,Free,0,Everyone,Productivity,"August 1, 2018",Varies with device,Varies with device,0.4436356041619199,PRODUCTIVITY
ASUS Quick Memo,PRODUCTIVITY,4.5,23089,1.6,10000000,Free,0,Everyone,Productivity,"April 11, 2018",1.10.0.33_180403,5.0 - 8.0,0.33333333333333337,PRODUCTIVITY
Content Transfer,PRODUCTIVITY,4.7,19302,7.2,5000000,Free,0,Everyone,Productivity,"June 28, 2018",3.5.12,4.0.3 and up,0.3970588474025974,PRODUCTIVITY
Advanced Task Killer,PRODUCTIVITY,4.4,577059,1.5,50000000,Free,0,Everyone,Productivity,"August 7, 2016",2.2.1B216,2.3.3 and up,0.43680291005291,PRODUCTIVITY
Hacker's Keyboard,PRODUCTIVITY,4.4,41418,1.2,1000000,Free,0,Everyone,Productivity,"December 11, 2016",v1.39.3,2.2 and up,0.5788869654427428,PRODUCTIVITY
7 Weeks - Habit & Goal Tracker,PRODUCTIVITY,4.4,6011,4.3,500000,Free,0,Everyone,Productivity,"December 19, 2015",3.2.1,4.1 and up,0.49746949974628546,PRODUCTIVITY
Easy Voice Recorder,PRODUCTIVITY,4.4,205191,7.1,10000000,Free,0,Everyone,Productivity,"June 20, 2018",2.4.5,4.1 and up,0.5656775421363334,PRODUCTIVITY
File Browser by Astro (File Manager),PRODUCTIVITY,4.3,609182,9.2,50000000,Free,0,Everyone,Productivity,"July 2, 2018",6.4.0,4.0 and up,0.45269949494949496,PRODUCTIVITY
Calendar+ Schedule Planner App,PRODUCTIVITY,4.0,8985,5.7,1000000,Free,0,Everyone,Productivity,"January 16, 2017",1.07.59,4.0.3 and up,0.4697435897435896,PRODUCTIVITY
Calendar Widget Month + Agenda,PRODUCTIVITY,4.2,60840,1.9,5000000,Free,0,Everyone,Productivity,"May 31, 2018",1.26.2,4.0.3 and up,0.25,PRODUCTIVITY
Business Calendar 2,PRODUCTIVITY,4.6,102594,15.0,5000000,Free,0,Everyone,Productivity,"July 23, 2018",2.30.1,4.1 and up,0.46938575498575497,PRODUCTIVITY
Dropbox,PRODUCTIVITY,4.4,1861309,61.0,500000000,Free,0,Everyone,Productivity,"August 1, 2018",Varies with device,Varies with device,0.4436356041619199,PRODUCTIVITY
Amazon Drive,PRODUCTIVITY,4.4,18669,4.1,1000000,Free,0,Everyone,Productivity,"January 8, 2018",1.9.1.147.0-google,4.2 and up,0.4733768187830688,PRODUCTIVITY
Baby Panda Learns Shapes,PARENTING,4.0,3789,42.0,1000000,Free,0,Everyone,Parenting;Education,"June 21, 2018",8.25.10.00,4.0.3 and up,0.3571943371943372,PARENTING
Baby Name Together,PARENTING,4.0,464,24.0,100000,Free,0,Everyone,Parenting,"August 6, 2018",2.3.1,5.0 and up,0.49526973401973406,PARENTING
"Amazon FreeTime – Kids’ Videos, Books, & TV shows",PARENTING,4.2,2715,24.0,500000,Free,0,Everyone,Parenting;Music & Video,"July 24, 2018",FreeTimeApp-aosp_v3.14_Build-1.0.204367.0.13014,5.0 and up,0.5080825644943292,PARENTING
Baby Panda Musical Genius,PARENTING,4.0,3346,37.0,1000000,Free,0,Everyone,Parenting;Music & Video,"June 15, 2018",8.25.10.00,4.0.3 and up,0.48696199446199445,PARENTING
Baby Monitor,PARENTING,4.4,5343,5.2,1000000,Free,0,Everyone,Parenting,"March 30, 2018",2.1.1,4.1 and up,0.49213548752834463,PARENTING
Daniel Tiger for Parents,PARENTING,4.7,247,28.0,100000,Free,0,Everyone,Parenting;Music & Video,"March 19, 2018",1.3.0,4.4 and up,0.5090388007054674,PARENTING
Free live weather on screen,WEATHER,4.4,15370,21.0,1000000,Free,0,Everyone,Weather,"August 2, 2018",12.2.6.3660,4.1 and up,0.5197159565580618,WEATHER
APE Weather ( Live Forecast),WEATHER,4.3,20008,9.1,5000000,Free,0,Everyone,Weather,"July 3, 2018",7.1.34.28,5.0 and up,0.5066498316498317,WEATHER
ForecaWeather,WEATHER,4.2,18425,5.3,1000000,Free,0,Everyone,Weather,"July 29, 2017",3.1.7,4.1 and up,0.5093346291866029,WEATHER
All Video Downloader 2018,VIDEO_PLAYERS,4.3,7557,5.6,1000000,Free,0,Everyone,Video Players & Editors,"July 25, 2018",1.0.1,4.4 and up,0.5417320261437909,VIDEO_PLAYERS
HD Video Player,VIDEO_PLAYERS,4.3,1551,2.9,1000000,Free,0,Everyone,Video Players & Editors,"July 25, 2018",1.1,4.1 and up,0.435921052631579,VIDEO_PLAYERS
HD Movie Video Player,VIDEO_PLAYERS,4.5,18699,4.1,1000000,Free,0,Everyone,Video Players & Editors,"March 27, 2018",1.0,4.0.3 and up,0.574268094334508,VIDEO_PLAYERS
HTC Service － DLNA,VIDEO_PLAYERS,3.9,3484,3.0,10000000,Free,0,Everyone,Video Players & Editors,"December 3, 2015",7.10.621414,5.0 and up,0.44935433785433787,VIDEO_PLAYERS
"Free TV Shows App:News, TV Series, Episode, Movies",NEWS_AND_MAGAZINES,4.6,29706,11.0,1000000,Free,0,Teen,News & Magazines,"August 2, 2018",2.71,4.1 and up,0.5907247425997426,NEWS_AND_MAGAZINES
CNN Breaking US & World News,NEWS_AND_MAGAZINES,4.0,293080,25.0,10000000,Free,0,Everyone 10+,News & Magazines,"August 6, 2018",5.17,4.4 and up,0.5081744708841328,NEWS_AND_MAGAZINES
ARY NEWS URDU,NEWS_AND_MAGAZINES,4.4,1071,9.7,500000,Free,0,Everyone,News & Magazines,"July 25, 2018",5.8.0,4.1 and up,0.5183455882352942,NEWS_AND_MAGAZINES
Google News,NEWS_AND_MAGAZINES,3.9,877635,13.0,1000000000,Free,0,Teen,News & Magazines,"August 1, 2018",5.2.0,4.4 and up,0.49677560130933146,NEWS_AND_MAGAZINES
"Breaking News, Local news, Attacks and Alerts Free",NEWS_AND_MAGAZINES,4.7,2543,6.3,500000,Free,0,Everyone,News & Magazines,"July 19, 2018",8.0.6,4.1 and up,0.37713519333889706,NEWS_AND_MAGAZINES
ARY NEWS,NEWS_AND_MAGAZINES,4.4,2959,9.8,1000000,Free,0,Everyone,News & Magazines,"August 4, 2018",7.5.0,4.1 and up,0.43835169880624425,NEWS_AND_MAGAZINES
Google News,NEWS_AND_MAGAZINES,3.9,877635,13.0,1000000000,Free,0,Teen,News & Magazines,"August 1, 2018",5.2.0,4.4 and up,0.49677560130933146,NEWS_AND_MAGAZINES
"BuzzFeed: News, Tasty, Quizzes",NEWS_AND_MAGAZINES,4.3,131028,13.0,5000000,Free,0,Teen,News & Magazines,"July 30, 2018",5.38,4.4 and up,0.4749871450927789,NEWS_AND_MAGAZINES
Financial Times,NEWS_AND_MAGAZINES,4.2,27104,8.2,1000000,Free,0,Everyone 10+,News & Magazines,"August 3, 2018",2.42.1.9,4.4 and up,0.4657510221260221,NEWS_AND_MAGAZINES
Bloomberg: Market & Financial News,NEWS_AND_MAGAZINES,4.2,61692,27.0,10000000,Free,0,Everyone,News & Magazines,"July 25, 2018",5.9.1.1347176.a3ca6ab274,4.4 and up,0.3379659090909091,NEWS_AND_MAGAZINES
ABC News - US & World News,NEWS_AND_MAGAZINES,4.0,18976,35.0,1000000,Free,0,Everyone 10+,News & Magazines,"June 6, 2018",3.19.11,5.0 and up,0.4111693465264894,NEWS_AND_MAGAZINES
AP Mobile - Breaking News,NEWS_AND_MAGAZINES,4.5,76677,4.6,1000000,Free,0,Everyone 10+,News & Magazines,"May 25, 2017",4.4.3,4.0 and up,0.47140920486406596,NEWS_AND_MAGAZINES
CNN Breaking US & World News,NEWS_AND_MAGAZINES,4.0,293080,25.0,10000000,Free,0,Everyone 10+,News & Magazines,"August 6, 2018",5.17,4.4 and up,0.5081744708841328,NEWS_AND_MAGAZINES
AC - Tips & News for Android™,NEWS_AND_MAGAZINES,4.2,23292,14.0,1000000,Free,0,Everyone 10+,News & Magazines,"May 24, 2018",3.1.12,4.1 and up,0.4841472548615406,NEWS_AND_MAGAZINES
CBS News,NEWS_AND_MAGAZINES,4.3,23641,23.0,1000000,Free,0,Everyone 10+,News & Magazines,"June 29, 2018",3.9.0,4.1 and up,0.0,NEWS_AND_MAGAZINES
ABC News - US & World News,NEWS_AND_MAGAZINES,4.0,18976,35.0,1000000,Free,0,Everyone 10+,News & Magazines,"June 6, 2018",3.19.11,5.0 and up,0.4111693465264894,NEWS_AND_MAGAZINES
CNN Breaking US & World News,NEWS_AND_MAGAZINES,4.0,293080,25.0,10000000,Free,0,Everyone 10+,News & Magazines,"August 6, 2018",5.17,4.4 and up,0.5081744708841328,NEWS_AND_MAGAZINES
Google News,NEWS_AND_MAGAZINES,3.9,877643,13.0,1000000000,Free,0,Teen,News & Magazines,"August 1, 2018",5.2.0,4.4 and up,0.49677560130933146,NEWS_AND_MAGAZINES
"BuzzFeed: News, Tasty, Quizzes",NEWS_AND_MAGAZINES,4.3,131028,13.0,5000000,Free,0,Teen,News & Magazines,"July 30, 2018",5.38,4.4 and up,0.4749871450927789,NEWS_AND_MAGAZINES
Air Traffic,MAPS_AND_NAVIGATION,4.3,14110,6.8,1000000,Free,0,Everyone,Maps & Navigation,"July 24, 2018",4.3,5.0 and up,0.4859695165945166,MAPS_AND_NAVIGATION
Czech Public Transport IDOS,MAPS_AND_NAVIGATION,4.3,26014,7.7,1000000,Free,0,Everyone,Maps & Navigation,"November 6, 2017",2.4.1,4.0.3 and up,0.40281887755102047,MAPS_AND_NAVIGATION
GPS Speedometer and Odometer,MAPS_AND_NAVIGATION,4.8,15865,3.3,1000000,Free,0,Everyone,Maps & Navigation,"August 3, 2018",10.0,4.1 and up,0.6541666666666667,MAPS_AND_NAVIGATION
GPS Traffic Speedcam Route Planner by ViaMichelin,MAPS_AND_NAVIGATION,4.3,63920,29.0,5000000,Free,0,Everyone,Maps & Navigation,"July 28, 2018",7.16.8,4.0.3 and up,0.46424505829267737,MAPS_AND_NAVIGATION
"GPS Speedometer, Distance Meter",MAPS_AND_NAVIGATION,4.6,16094,5.4,1000000,Free,0,Everyone,Maps & Navigation,"July 31, 2018",2.7.2,4.0 and up,0.6011644345238095,MAPS_AND_NAVIGATION
FindShip,MAPS_AND_NAVIGATION,4.2,23279,8.5,1000000,Free,0,Everyone,Maps & Navigation,"April 26, 2018",5.2.10,4.1 and up,0.41144872692666806,MAPS_AND_NAVIGATION
Flashlight,TOOLS,4.5,162335,4.9,10000000,Free,0,Everyone,Tools,"July 6, 2018",8.10.1,4.0 and up,0.6072482993197279,TOOLS
A Call From Santa Claus!,FAMILY,3.9,3720,11.0,1000000,Free,0,Everyone,Entertainment,"December 4, 2016",4.2.3,4.0.3 and up,0.6577408804430863,FAMILY
A Word A Day,FAMILY,3.7,2398,2.9,500000,Free,0,Everyone,Education,"January 5, 2017",5.8,4.0 and up,0.6690340909090909,FAMILY
Akinator,FAMILY,4.3,1805398,55.0,50000000,Free,0,Teen,Entertainment,"June 11, 2018",6.5.2,4.4 and up,0.4953002693665287,FAMILY
Dog Sim Online: Raise a Family,FAMILY,4.6,94989,74.0,5000000,Free,0,Teen,Simulation,"April 22, 2018",8.6,4.0 and up,0.5895535714285715,FAMILY
Agar.io,GAME,4.2,3815614,32.0,100000000,Free,0,Everyone,Action,"July 23, 2018",2.2.8,4.0.3 and up,0.45973048669739847,GAME
Color by Number - Draw Sandbox Pixel Art,FAMILY,4.6,10247,15.0,1000000,Free,0,Everyone,Entertainment,"July 27, 2018",1.3.13,4.1 and up,0.47136153852186463,FAMILY
A+ Mobile,FINANCE,3.9,730,6.3,10000,Free,0,Everyone,Finance,"June 26, 2018",5.4.4,4.4 and up,0.522708380574452,FINANCE
Angry Birds Classic,GAME,4.4,5565856,97.0,100000000,Free,0,Everyone,Arcade,"May 24, 2018",7.9.3,4.1 and up,0.5348862663965559,GAME
Build a Bridge!,FAMILY,4.6,263454,74.0,10000000,Free,0,Everyone,Puzzle,"August 2, 2018",2.1.1,4.1 and up,0.5132795923161372,FAMILY
Find a Way: Addictive Puzzle,FAMILY,4.8,39480,14.0,500000,Free,0,Everyone,Puzzle,"June 16, 2017",4.1.1,4.1 and up,0.5850889989639989,FAMILY
Comptia A+ 220-901 & 220-902,FAMILY,4.4,174,5.7,10000,Free,0,Everyone,Education,"April 19, 2018",2.0.7,4.1 and up,0.5598440065681445,FAMILY
Bubble Shooter,GAME,4.5,43576,50.0,5000000,Free,0,Everyone,Arcade,"September 13, 2017",4.4,2.3 and up,0.5156595926423513,GAME
Asphalt 8: Airborne,GAME,4.5,8389714,92.0,100000000,Free,0,Teen,Racing,"July 4, 2018",3.7.1a,4.0.3 and up,0.5135438903805984,GAME
Basketball Stars,SPORTS,4.4,867920,45.0,10000000,Free,0,Everyone,Sports,"July 14, 2018",1.16.2,4.0.3 and up,0.4871262763528012,SPORTS
Amazon Shopping,SHOPPING,4.3,908525,42.0,100000000,Free,0,Teen,Shopping,"July 31, 2018",16.14.0.100,4.4 and up,0.4624378936759889,SHOPPING
Four In A Line Free,GAME,4.3,133195,11.0,5000000,Free,0,Everyone,Board,"June 11, 2018",1.58,4.1 and up,0.4853270474381585,GAME
Flow Free,FAMILY,4.3,1295293,11.0,100000000,Free,0,Everyone,Puzzle,"April 11, 2018",4.0,4.1 and up,0.5201833408656908,FAMILY
AutoCAD - DWG Viewer & Editor,PRODUCTIVITY,4.2,145088,24.0,10000000,Free,0,Everyone,Productivity,"July 23, 2018",4.5.19,4.4 and up,0.48721443101651435,PRODUCTIVITY
Alto's Adventure,GAME,4.6,515240,63.0,10000000,Free,0,Everyone,Action,"June 5, 2018",1.7.1,4.0 and up,0.5261316988814583,GAME
Fortune City - A Finance App,FINANCE,4.6,49275,91.0,500000,Free,0,Everyone,Finance,"July 17, 2018",2.0.3.1,4.4 and up,0.45879702280743945,FINANCE
Draw A Stickman,GAME,3.4,29265,17.0,1000000,Free,0,Everyone,Adventure,"May 19, 2017",1.1.0,4.0.3 and up,0.4,GAME
Be A Legend: Soccer,SPORTS,3.8,85763,21.0,1000000,Free,0,Everyone,Sports,"August 24, 2015",2.8.0.17,3.0 and up,0.4743972818025296,SPORTS
Cat Sim Online: Play with Cats,FAMILY,4.6,137198,81.0,5000000,Free,0,Everyone 10+,Simulation,"April 22, 2018",3.7,4.0 and up,0.5251869828714091,FAMILY
Four In A Line,GAME,3.8,22191,3.0,1000000,Free,0,Everyone,Board,"May 4, 2015",1.10,2.3 and up,0.5493170399727777,GAME
8 Ball Pool,SPORTS,4.5,14184910,52.0,100000000,Free,0,Everyone,Sports,"July 31, 2018",4.0.0,4.0.3 and up,0.4913517369146038,SPORTS
Hay Day,FAMILY,4.5,10053186,94.0,100000000,Free,0,Everyone,Casual,"June 28, 2018",1_39_93,4.0.3 and up,0.5036815863370004,FAMILY
Diary with lock,LIFESTYLE,4.6,815280,4.4,10000000,Free,0,Everyone,Lifestyle,"June 30, 2018",4.90,4.1 and up,0.568277521195691,LIFESTYLE
Clash of Clans,FAMILY,4.6,44881447,98.0,100000000,Free,0,Everyone 10+,Strategy,"July 15, 2018",10.322.16,4.1 and up,0.5339562645447385,FAMILY
Clash Royale,FAMILY,4.6,23125280,97.0,100000000,Free,0,Everyone 10+,Strategy,"June 27, 2018",2.3.2,4.1 and up,0.48923595085873556,FAMILY
C Programming,FAMILY,4.3,22248,1.8,1000000,Free,0,Everyone,Education,"June 28, 2015",3.0,2.3 and up,0.541011544011544,FAMILY
Candy Crush Saga,FAMILY,4.4,22419455,74.0,500000000,Free,0,Everyone,Casual,"July 5, 2018",1.129.0.2,4.1 and up,0.45629279100529097,FAMILY
Hill Climb Racing,GAME,4.4,8921451,63.0,100000000,Free,0,Everyone,Racing,"July 2, 2018",1.37.2,4.2 and up,0.49867449971988176,GAME
Fruit Ninja®,GAME,4.3,5091448,41.0,100000000,Free,0,Everyone,Arcade,"July 12, 2018",2.6.7.487220,4.1 and up,0.49328917050691246,GAME
"DU Recorder – Screen Recorder, Video Editor, Live",VIDEO_PLAYERS,4.8,2588730,9.7,50000000,Free,0,Everyone,Video Players & Editors,"July 30, 2018",1.7.1.3,5.0 and up,0.5246842190376673,VIDEO_PLAYERS
Crossy Road,GAME,4.5,4229977,60.0,100000000,Free,0,Everyone,Action,"August 1, 2018",3.1.0,5.0 and up,0.5298473893553813,GAME
Dropbox,PRODUCTIVITY,4.4,1860844,61.0,500000000,Free,0,Everyone,Productivity,"August 1, 2018",Varies with device,Varies with device,0.4436356041619199,PRODUCTIVITY
Dream League Soccer 2018,SPORTS,4.6,9873470,74.0,100000000,Free,0,Everyone,Sports,"July 16, 2018",5.064,4.4 and up,0.483123897707231,SPORTS
Bad Piggies,FAMILY,4.3,1168959,66.0,50000000,Free,0,Everyone,Puzzle,"May 3, 2017",2.3.3,4.1 and up,0.5389492408533662,FAMILY
E*TRADE Mobile,FINANCE,3.9,10657,58.0,1000000,Free,0,Everyone,Finance,"August 2, 2018",6.8.2,4.4 and up,0.49361037978225475,FINANCE
Ebook Reader,BOOKS_AND_REFERENCE,4.1,85842,37.0,5000000,Free,0,Everyone,Books & Reference,"June 25, 2018",5.0.6,4.0 and up,0.5815682157348824,BOOKS_AND_REFERENCE
Granny,GAME,4.5,1128805,59.0,50000000,Free,0,Teen,Arcade,"May 29, 2018",1.4.0.1,4.0 and up,0.5562993347603944,GAME
Helix Jump,GAME,4.2,1485806,33.0,100000000,Free,0,Everyone,Action,"April 9, 2018",1.0.6,4.1 and up,0.4872210639607329,GAME
H&M,LIFESTYLE,3.7,41917,14.0,10000000,Free,0,Everyone,Lifestyle,"July 30, 2018",9.6.3,4.4 and up,0.5764898448231781,LIFESTYLE
H TV,FAMILY,4.3,103064,5.6,5000000,Free,0,Everyone,Entertainment,"July 5, 2018",4.6.2,2.3.3 and up,0.4085042735042735,FAMILY
Anger of stick 5 : zombie,GAME,4.5,547644,23.0,50000000,Free,0,Teen,Action,"August 3, 2018",1.1.5,2.3 and up,0.5027777777777778,GAME
Cut the Rope FULL FREE,FAMILY,4.4,2122705,49.0,100000000,Free,0,Everyone,Puzzle,"July 5, 2018",3.7.2,4.1 and up,0.5702711808929921,FAMILY
Angry Birds 2,FAMILY,4.6,3881752,57.0,100000000,Free,0,Everyone,Casual,"July 26, 2018",2.21.1,4.1 and up,0.49623943585150476,FAMILY
Angry Birds Rio,GAME,4.4,2610328,46.0,100000000,Free,0,Everyone,Arcade,"July 3, 2018",2.6.9,4.1 and up,0.4715201068772497,GAME
AC - Tips & News for Android™,NEWS_AND_MAGAZINES,4.2,23291,14.0,1000000,Free,0,Everyone 10+,News & Magazines,"May 24, 2018",3.1.12,4.1 and up,0.4841472548615406,NEWS_AND_MAGAZINES
"CM Browser - Ad Blocker , Fast Download , Privacy",COMMUNICATION,4.6,2265084,6.1,50000000,Free,0,Everyone,Communication,"July 31, 2018",5.22.18.0006,4.0 and up,0.6875,COMMUNICATION
Google Ads,BUSINESS,4.3,29331,20.0,5000000,Free,0,Everyone,Business,"July 30, 2018",1.12.0,4.0.3 and up,0.4323986484194818,வணிகம்
A&E - Watch Full Episodes of TV Shows,FAMILY,4.0,29708,19.0,1000000,Free,0,Teen,Entertainment,"July 16, 2018",3.1.4,4.4 and up,0.49546326754385966,FAMILY
All Football - Latest News & Videos,SPORTS,4.6,152653,17.0,10000000,Free,0,Everyone,Sports,"August 3, 2018",3.0.5,4.1 and up,0.5105386453823954,SPORTS
Amazon for Tablets,SHOPPING,4.0,141584,22.0,10000000,Free,0,Teen,Shopping,"July 31, 2018",16.14.0.850,4.4 and up,0.37119065656565653,SHOPPING
Diary with lock password,LIFESTYLE,4.3,179139,9.7,5000000,Free,0,Everyone,Lifestyle,"November 1, 2017",3.5.3,4.0.3 and up,0.509655793410164,LIFESTYLE
365Scores - Live Scores,SPORTS,4.6,666246,25.0,10000000,Free,0,Everyone,Sports,"July 29, 2018",5.5.9,4.1 and up,0.6396103896103896,SPORTS
DINO HUNTER: DEADLY SHORES,GAME,4.4,1381624,54.0,10000000,Free,0,Teen,Action,"March 14, 2017",3.1.1,3.0 and up,0.5055597754758974,GAME
AP Mobile - Breaking News,NEWS_AND_MAGAZINES,4.5,76616,4.6,1000000,Free,0,Everyone 10+,News & Magazines,"May 25, 2017",4.4.3,4.0 and up,0.47140920486406596,NEWS_AND_MAGAZINES
Choices: Stories You Play,FAMILY,4.6,807155,93.0,10000000,Free,0,Teen,Simulation,"July 30, 2018",2.3.5,4.0.3 and up,0.52632837418782,FAMILY
Avakin Life - 3D virtual world,FAMILY,4.4,1275373,91.0,10000000,Free,0,Teen,Role Playing,"July 3, 2018",1.021.10,4.1 and up,0.5053262068732377,FAMILY
DEER HUNTER 2018,GAME,4.3,955614,82.0,10000000,Free,0,Teen,Action,"June 26, 2018",5.1.2,3.0 and up,0.4333333333333333,GAME
British Airways,TRAVEL_AND_LOCAL,4.2,25726,51.0,1000000,Free,0,Everyone,Travel & Local,"July 24, 2018",4.20,4.4 and up,0.3991548134405278,TRAVEL_AND_LOCAL
Anthem BC Anywhere,MEDICAL,2.6,496,24.0,100000,Free,0,Everyone,Medical,"July 27, 2018",8.0.226,4.4 and up,0.36789554531490015,MEDICAL
BeautyPlus - Easy Photo Editor & Selfie Camera,PHOTOGRAPHY,4.4,3156484,53.0,100000000,Free,0,Everyone,Photography,"July 31, 2018",6.9.031,4.1 and up,0.30000000000000004,PHOTOGRAPHY
Blur Image Background,PHOTOGRAPHY,3.9,129268,11.0,10000000,Free,0,Everyone,Photography,"July 30, 2018",1.32,4.1 and up,0.643939393939394,PHOTOGRAPHY
HBO GO: Stream with TV Package,FAMILY,3.8,87734,32.0,10000000,Free,0,Teen,Entertainment,"July 19, 2018",16.0.0.437,4.1 and up,0.5216060351511479,FAMILY
Blood Pressure,MEDICAL,4.2,33033,7.4,5000000,Free,0,Everyone,Medical,"July 24, 2018",3.27.3,4.1 and up,0.5866809116809117,MEDICAL
Blood Pressure Log - MyDiary,MEDICAL,4.7,8347,2.6,500000,Free,0,Everyone,Medical,"April 13, 2018",1.4.6,4.0 and up,0.5914018250499501,MEDICAL
Blood Pressure(BP) Diary,MEDICAL,3.7,3596,8.4,1000000,Free,0,Everyone,Medical,"July 18, 2018",4.0.9,4.0.3 and up,0.355830704018204,MEDICAL
High Blood Pressure Symptoms,MEDICAL,4.3,46,2.0,10000,Free,0,Everyone,Medical,"April 5, 2017",1.0.2,4.0.3 and up,0.5663588588588588,MEDICAL
Beautiful Widgets Pro,PERSONALIZATION,4.2,97890,14.0,1000000,Paid,$2.49,Everyone,Personalization,"August 24, 2016",5.7.8,2.3 and up,0.5016910966315729,PERSONALIZATION
Beautiful Widgets Free,PERSONALIZATION,3.9,25035,14.0,1000000,Free,0,Everyone,Personalization,"October 20, 2016",5.7.6,2.3 and up,0.5222924031986531,PERSONALIZATION
HD Widgets,PERSONALIZATION,4.3,58614,26.0,1000000,Paid,$0.99,Everyone,Personalization,"December 7, 2016",4.3.2,4.4 and up,0.5138021885521885,PERSONALIZATION
Color by Number – New Coloring Book,GAME,4.7,142308,24.0,5000000,Free,0,Everyone 10+,Board,"August 1, 2018",2.0.6,4.1 and up,0.5402294533544533,GAME
BZWBK24 mobile,FINANCE,4.5,64983,39.0,1000000,Free,0,Everyone,Finance,"June 18, 2018",5.0.1,4.1 and up,0.5547810559006211,FINANCE
Cheapflights – Flight Search,TRAVEL_AND_LOCAL,4.4,47777,19.0,5000000,Free,0,Everyone,Travel & Local,"July 31, 2018",Varies with device,Varies with device,0.5859340659340659,TRAVEL_AND_LOCAL
"CM Launcher 3D - Theme, Wallpapers, Efficient",PERSONALIZATION,4.6,6700847,17.0,100000000,Free,0,Teen,Personalization,"August 3, 2018",5.41.0,4.0.3 and up,0.5911111111111111,PERSONALIZATION
"CM Flashlight (Compass, SOS)",TOOLS,4.4,166363,1.8,5000000,Free,0,Everyone,Tools,"May 25, 2018",1.4.0,2.3 and up,0.5946428571428571,TOOLS
Brit + Co,LIFESTYLE,3.9,987,4.5,10000,Free,0,Everyone,Lifestyle,"August 29, 2017",2.0.4,4.0 and up,0.5189175234487734,LIFESTYLE
Curriculum vitae App CV Builder Free Resume Maker,BUSINESS,4.5,4571,3.9,500000,Free,0,Everyone,Business,"July 8, 2018",3.3,4.1 and up,0.4980359041543252,வணிகம்
CW Seed,FAMILY,4.5,16391,13.0,500000,Free,0,Teen,Entertainment,"July 18, 2018",1.16,4.4 and up,0.5177009847148736,FAMILY
"Face Filter, Selfie Editor - Sweet Camera",PHOTOGRAPHY,4.7,142758,22.0,10000000,Free,0,Everyone,Photography,"July 6, 2018",1.5.1,4.4 and up,0.5888655462184874,PHOTOGRAPHY
COOKING MAMA Let's Cook!,FAMILY,4.3,528917,59.0,10000000,Free,0,Everyone,Educational;Pretend Play,"July 26, 2018",1.38.0,4.1 and up,0.5058891112561748,FAMILY
DRAGON BALL LEGENDS,GAME,4.6,338742,48.0,5000000,Free,0,Teen,Action,"August 3, 2018",1.11.0,6.0 and up,0.5191072965821683,GAME
DC Super Hero Girls™,FAMILY,4.3,43090,95.0,5000000,Free,0,Everyone,Action;Action & Adventure,"June 29, 2018",2.8.0,4.0 and up,0.5733266488413546,FAMILY
Babbel – Learn Languages,FAMILY,4.3,267787,21.0,10000000,Free,0,Everyone,Education,"July 30, 2018",20.7.2,4.4 and up,0.4983976758195508,FAMILY
"CallApp: Caller ID, Blocker & Phone Call Recorder",COMMUNICATION,4.4,483782,20.0,10000000,Free,0,Everyone,Communication,"July 29, 2018",1.286,4.1 and up,0.5064814814814815,COMMUNICATION
"Free phone calls, free texting SMS on free number",SOCIAL,4.5,412888,35.0,10000000,Free,0,Everyone,Social,"July 31, 2018",3.8.1,4.1 and up,0.5231201565923789,SOCIAL
Dude Perfect 2,GAME,4.5,401648,70.0,10000000,Free,0,Everyone,Action,"April 12, 2017",1.6.1,4.0.3 and up,0.5357966279447627,GAME
Dairy Queen,FOOD_AND_DRINK,3.6,742,43.0,100000,Free,0,Everyone,Food & Drink,"July 25, 2018",2.1.0,4.1 and up,0.37438271604938267,FOOD_AND_DRINK
Dunkin' Donuts,FOOD_AND_DRINK,4.2,68270,66.0,1000000,Free,0,Everyone,Food & Drink,"June 20, 2018",5.0.0,4.4 and up,0.47051000630182965,FOOD_AND_DRINK
Dr. Panda & Toto's Treehouse,FAMILY,4.4,3397,9.5,50000,Paid,$3.99,Everyone,Casual;Pretend Play,"December 9, 2014",1.8,4.0 and up,0.5326722544430877,FAMILY
Cache Cleaner-DU Speed Booster (booster & cleaner),TOOLS,4.5,12759815,15.0,100000000,Free,0,Everyone,Tools,"July 25, 2018",3.1.2,4.0 and up,0.4570770895770896,TOOLS
DU Browser—Browse fast & fun,COMMUNICATION,4.3,1133539,4.7,10000000,Free,0,Everyone,Communication,"April 1, 2016",6.4.0.4,4.0 and up,0.5062402473518545,COMMUNICATION
Equestria Girls,FAMILY,4.3,392819,53.0,10000000,Free,0,Everyone,Role Playing;Action & Adventure,"July 22, 2016",37893,4.0 and up,0.550960435543769,FAMILY
Edmodo,FAMILY,4.1,200214,18.0,10000000,Free,0,Everyone,Education,"August 6, 2018",9.12.6,4.0.3 and up,0.44355813234384667,FAMILY
Frozen Free Fall,FAMILY,4.3,1574546,37.0,50000000,Free,0,Everyone,Puzzle;Action & Adventure,"July 27, 2018",6.7.0,4.2 and up,0.5061268037518037,FAMILY
Google News,NEWS_AND_MAGAZINES,3.9,878065,13.0,1000000000,Free,0,Teen,News & Magazines,"August 1, 2018",5.2.0,4.4 and up,0.49677560130933146,NEWS_AND_MAGAZINES
Amino: Communities and Chats,SOCIAL,4.8,1264084,62.0,10000000,Free,0,Teen,Social,"August 7, 2018",1.8.19179,4.0.3 and up,0.5375361254760332,SOCIAL
Home Workout - No Equipment,HEALTH_AND_FITNESS,4.8,432160,15.0,10000000,Free,0,Everyone,Health & Fitness,"June 28, 2018",Varies with device,Varies with device,0.5552208555333555,HEALTH_AND_FITNESS
Airway Ex - Intubate. Anesthetize. Train.,MEDICAL,4.3,123,86.0,10000,Free,0,Everyone,Medical,"June 1, 2018",0.6.88,5.0 and up,0.49310152810152813,MEDICAL
FilterGrid - Cam&Photo Editor,PHOTOGRAPHY,4.6,126338,9.6,1000000,Free,0,Everyone,Photography,"March 15, 2017",2.0.5,4.0 and up,0.529429069607641,PHOTOGRAPHY
All Social Networks,SOCIAL,4.2,22650,1.5,1000000,Free,0,Everyone,Social,"May 21, 2018",2.4.12,4.0 and up,0.5138202177724237,SOCIAL
Farm Heroes Saga,FAMILY,4.4,7615646,71.0,100000000,Free,0,Everyone,Casual,"August 7, 2018",5.2.6,2.3 and up,0.44443435327298964,FAMILY
Fallout Shelter,FAMILY,4.6,2721923,25.0,10000000,Free,0,Teen,Simulation,"June 11, 2018",1.13.12,4.1 and up,0.5136060292384971,FAMILY
Garena Free Fire,GAME,4.5,5534114,53.0,100000000,Free,0,Teen,Action,"August 3, 2018",1.21.0,4.0.3 and up,0.4941331211427365,GAME
Firefox Focus: The privacy browser,COMMUNICATION,4.4,36981,4.0,1000000,Free,0,Everyone,Communication,"July 6, 2018",5.2,5.0 and up,0.5538280971777065,COMMUNICATION
